Instance Type,OS Type,Singapore Price per Hour (USD),Jakarta Price per Hour (USD)
t2.medium,Redhat9Base,0.05,0.048
t2.medium,Redhat9BaseDB2,0.06,0.058
t2.medium,Redhat9Oracle,0.07,0.068
t2.medium,Redhat8Base,0.08,0.078
t2.medium,Redhat8BaseDB2,0.09,0.088
t2.medium,Redhat8Oracle,0.1,0.098
t2.medium,Redhat7Base,0.11,0.108
t2.medium,Redhat7Oracle,0.12,0.118
t2.medium,Win2019Base,0.13,0.128
t2.medium,Win2019Sql,0.14,0.138
t2.medium,Win2016Base,0.15,0.148
t2.medium,Win2016Sql,0.16,0.158
t2.medium,Win2012Rehost,0.17,0.168
t2.large,Redhat9Base,0.05,0.048
t2.large,Redhat9BaseDB2,0.06,0.058
t2.large,Redhat9Oracle,0.07,0.068
t2.large,Redhat8Base,0.08,0.078
t2.large,Redhat8BaseDB2,0.09,0.088
t2.large,Redhat8Oracle,0.1,0.098
t2.large,Redhat7Base,0.11,0.108
t2.large,Redhat7Oracle,0.12,0.118
t2.large,Win2019Base,0.13,0.128
t2.large,Win2019Sql,0.14,0.138
t2.large,Win2016Base,0.15,0.148
t2.large,Win2016Sql,0.16,0.158
t2.large,Win2012Rehost,0.17,0.168
t2.xlarge,Redhat9Base,0.05,0.048
t2.xlarge,Redhat9BaseDB2,0.06,0.058
t2.xlarge,Redhat9Oracle,0.07,0.068
t2.xlarge,Redhat8Base,0.08,0.078
t2.xlarge,Redhat8BaseDB2,0.09,0.088
t2.xlarge,Redhat8Oracle,0.1,0.098
t2.xlarge,Redhat7Base,0.11,0.108
t2.xlarge,Redhat7Oracle,0.12,0.118
t2.xlarge,Win2019Base,0.13,0.128
t2.xlarge,Win2019Sql,0.14,0.138
t2.xlarge,Win2016Base,0.15,0.148
t2.xlarge,Win2016Sql,0.16,0.158
t2.xlarge,Win2012Rehost,0.17,0.168
t2.2xlarge,Redhat9Base,0.05,0.048
t2.2xlarge,Redhat9BaseDB2,0.06,0.058
t2.2xlarge,Redhat9Oracle,0.07,0.068
t2.2xlarge,Redhat8Base,0.08,0.078
t2.2xlarge,Redhat8BaseDB2,0.09,0.088
t2.2xlarge,Redhat8Oracle,0.1,0.098
t2.2xlarge,Redhat7Base,0.11,0.108
t2.2xlarge,Redhat7Oracle,0.12,0.118
t2.2xlarge,Win2019Base,0.13,0.128
t2.2xlarge,Win2019Sql,0.14,0.138
t2.2xlarge,Win2016Base,0.15,0.148
t2.2xlarge,Win2016Sql,0.16,0.158
t2.2xlarge,Win2012Rehost,0.17,0.168
t3.medium,Redhat9Base,0.05,0.048
t3.medium,Redhat9BaseDB2,0.06,0.058
t3.medium,Redhat9Oracle,0.07,0.068
t3.medium,Redhat8Base,0.08,0.078
t3.medium,Redhat8BaseDB2,0.09,0.088
t3.medium,Redhat8Oracle,0.1,0.098
t3.medium,Redhat7Base,0.11,0.108
t3.medium,Redhat7Oracle,0.12,0.118
t3.medium,Win2019Base,0.13,0.128
t3.medium,Win2019Sql,0.14,0.138
t3.medium,Win2016Base,0.15,0.148
t3.medium,Win2016Sql,0.16,0.158
t3.medium,Win2012Rehost,0.17,0.168
t3.large,Redhat9Base,0.05,0.048
t3.large,Redhat9BaseDB2,0.06,0.058
t3.large,Redhat9Oracle,0.07,0.068
t3.large,Redhat8Base,0.08,0.078
t3.large,Redhat8BaseDB2,0.09,0.088
t3.large,Redhat8Oracle,0.1,0.098
t3.large,Redhat7Base,0.11,0.108
t3.large,Redhat7Oracle,0.12,0.118
t3.large,Win2019Base,0.13,0.128
t3.large,Win2019Sql,0.14,0.138
t3.large,Win2016Base,0.15,0.148
t3.large,Win2016Sql,0.16,0.158
t3.large,Win2012Rehost,0.17,0.168
t3.xlarge,Redhat9Base,0.05,0.048
t3.xlarge,Redhat9BaseDB2,0.06,0.058
t3.xlarge,Redhat9Oracle,0.07,0.068
t3.xlarge,Redhat8Base,0.08,0.078
t3.xlarge,Redhat8BaseDB2,0.09,0.088
t3.xlarge,Redhat8Oracle,0.1,0.098
t3.xlarge,Redhat7Base,0.11,0.108
t3.xlarge,Redhat7Oracle,0.12,0.118
t3.xlarge,Win2019Base,0.13,0.128
t3.xlarge,Win2019Sql,0.14,0.138
t3.xlarge,Win2016Base,0.15,0.148
t3.xlarge,Win2016Sql,0.16,0.158
t3.xlarge,Win2012Rehost,0.17,0.168
t3.2xlarge,Redhat9Base,0.05,0.048
t3.2xlarge,Redhat9BaseDB2,0.06,0.058
t3.2xlarge,Redhat9Oracle,0.07,0.068
t3.2xlarge,Redhat8Base,0.08,0.078
t3.2xlarge,Redhat8BaseDB2,0.09,0.088
t3.2xlarge,Redhat8Oracle,0.1,0.098
t3.2xlarge,Redhat7Base,0.11,0.108
t3.2xlarge,Redhat7Oracle,0.12,0.118
t3.2xlarge,Win2019Base,0.13,0.128
t3.2xlarge,Win2019Sql,0.14,0.138
t3.2xlarge,Win2016Base,0.15,0.148
t3.2xlarge,Win2016Sql,0.16,0.158
t3.2xlarge,Win2012Rehost,0.17,0.168
t3a.nano,Redhat9Base,0.05,0.048
t3a.nano,Redhat9BaseDB2,0.06,0.058
t3a.nano,Redhat9Oracle,0.07,0.068
t3a.nano,Redhat8Base,0.08,0.078
t3a.nano,Redhat8BaseDB2,0.09,0.088
t3a.nano,Redhat8Oracle,0.1,0.098
t3a.nano,Redhat7Base,0.11,0.108
t3a.nano,Redhat7Oracle,0.12,0.118
t3a.nano,Win2019Base,0.13,0.128
t3a.nano,Win2019Sql,0.14,0.138
t3a.nano,Win2016Base,0.15,0.148
t3a.nano,Win2016Sql,0.16,0.158
t3a.nano,Win2012Rehost,0.17,0.168
t3a.micro,Redhat9Base,0.05,0.048
t3a.micro,Redhat9BaseDB2,0.06,0.058
t3a.micro,Redhat9Oracle,0.07,0.068
t3a.micro,Redhat8Base,0.08,0.078
t3a.micro,Redhat8BaseDB2,0.09,0.088
t3a.micro,Redhat8Oracle,0.1,0.098
t3a.micro,Redhat7Base,0.11,0.108
t3a.micro,Redhat7Oracle,0.12,0.118
t3a.micro,Win2019Base,0.13,0.128
t3a.micro,Win2019Sql,0.14,0.138
t3a.micro,Win2016Base,0.15,0.148
t3a.micro,Win2016Sql,0.16,0.158
t3a.micro,Win2012Rehost,0.17,0.168
t3a.small,Redhat9Base,0.05,0.048
t3a.small,Redhat9BaseDB2,0.06,0.058
t3a.small,Redhat9Oracle,0.07,0.068
t3a.small,Redhat8Base,0.08,0.078
t3a.small,Redhat8BaseDB2,0.09,0.088
t3a.small,Redhat8Oracle,0.1,0.098
t3a.small,Redhat7Base,0.11,0.108
t3a.small,Redhat7Oracle,0.12,0.118
t3a.small,Win2019Base,0.13,0.128
t3a.small,Win2019Sql,0.14,0.138
t3a.small,Win2016Base,0.15,0.148
t3a.small,Win2016Sql,0.16,0.158
t3a.small,Win2012Rehost,0.17,0.168
t3a.medium,Redhat9Base,0.05,0.048
t3a.medium,Redhat9BaseDB2,0.06,0.058
t3a.medium,Redhat9Oracle,0.07,0.068
t3a.medium,Redhat8Base,0.08,0.078
t3a.medium,Redhat8BaseDB2,0.09,0.088
t3a.medium,Redhat8Oracle,0.1,0.098
t3a.medium,Redhat7Base,0.11,0.108
t3a.medium,Redhat7Oracle,0.12,0.118
t3a.medium,Win2019Base,0.13,0.128
t3a.medium,Win2019Sql,0.14,0.138
t3a.medium,Win2016Base,0.15,0.148
t3a.medium,Win2016Sql,0.16,0.158
t3a.medium,Win2012Rehost,0.17,0.168
t3a.large,Redhat9Base,0.05,0.048
t3a.large,Redhat9BaseDB2,0.06,0.058
t3a.large,Redhat9Oracle,0.07,0.068
t3a.large,Redhat8Base,0.08,0.078
t3a.large,Redhat8BaseDB2,0.09,0.088
t3a.large,Redhat8Oracle,0.1,0.098
t3a.large,Redhat7Base,0.11,0.108
t3a.large,Redhat7Oracle,0.12,0.118
t3a.large,Win2019Base,0.13,0.128
t3a.large,Win2019Sql,0.14,0.138
t3a.large,Win2016Base,0.15,0.148
t3a.large,Win2016Sql,0.16,0.158
t3a.large,Win2012Rehost,0.17,0.168
t3a.xlarge,Redhat9Base,0.05,0.048
t3a.xlarge,Redhat9BaseDB2,0.06,0.058
t3a.xlarge,Redhat9Oracle,0.07,0.068
t3a.xlarge,Redhat8Base,0.08,0.078
t3a.xlarge,Redhat8BaseDB2,0.09,0.088
t3a.xlarge,Redhat8Oracle,0.1,0.098
t3a.xlarge,Redhat7Base,0.11,0.108
t3a.xlarge,Redhat7Oracle,0.12,0.118
t3a.xlarge,Win2019Base,0.13,0.128
t3a.xlarge,Win2019Sql,0.14,0.138
t3a.xlarge,Win2016Base,0.15,0.148
t3a.xlarge,Win2016Sql,0.16,0.158
t3a.xlarge,Win2012Rehost,0.17,0.168
t3a.2xlarge,Redhat9Base,0.05,0.048
t3a.2xlarge,Redhat9BaseDB2,0.06,0.058
t3a.2xlarge,Redhat9Oracle,0.07,0.068
t3a.2xlarge,Redhat8Base,0.08,0.078
t3a.2xlarge,Redhat8BaseDB2,0.09,0.088
t3a.2xlarge,Redhat8Oracle,0.1,0.098
t3a.2xlarge,Redhat7Base,0.11,0.108
t3a.2xlarge,Redhat7Oracle,0.12,0.118
t3a.2xlarge,Win2019Base,0.13,0.128
t3a.2xlarge,Win2019Sql,0.14,0.138
t3a.2xlarge,Win2016Base,0.15,0.148
t3a.2xlarge,Win2016Sql,0.16,0.158
t3a.2xlarge,Win2012Rehost,0.17,0.168
c5.large,Redhat9Base,0.05,0.048
c5.large,Redhat9BaseDB2,0.06,0.058
c5.large,Redhat9Oracle,0.07,0.068
c5.large,Redhat8Base,0.08,0.078
c5.large,Redhat8BaseDB2,0.09,0.088
c5.large,Redhat8Oracle,0.1,0.098
c5.large,Redhat7Base,0.11,0.108
c5.large,Redhat7Oracle,0.12,0.118
c5.large,Win2019Base,0.13,0.128
c5.large,Win2019Sql,0.14,0.138
c5.large,Win2016Base,0.15,0.148
c5.large,Win2016Sql,0.16,0.158
c5.large,Win2012Rehost,0.17,0.168
c5.xlarge,Redhat9Base,0.05,0.048
c5.xlarge,Redhat9BaseDB2,0.06,0.058
c5.xlarge,Redhat9Oracle,0.07,0.068
c5.xlarge,Redhat8Base,0.08,0.078
c5.xlarge,Redhat8BaseDB2,0.09,0.088
c5.xlarge,Redhat8Oracle,0.1,0.098
c5.xlarge,Redhat7Base,0.11,0.108
c5.xlarge,Redhat7Oracle,0.12,0.118
c5.xlarge,Win2019Base,0.13,0.128
c5.xlarge,Win2019Sql,0.14,0.138
c5.xlarge,Win2016Base,0.15,0.148
c5.xlarge,Win2016Sql,0.16,0.158
c5.xlarge,Win2012Rehost,0.17,0.168
c5.2xlarge,Redhat9Base,0.05,0.048
c5.2xlarge,Redhat9BaseDB2,0.06,0.058
c5.2xlarge,Redhat9Oracle,0.07,0.068
c5.2xlarge,Redhat8Base,0.08,0.078
c5.2xlarge,Redhat8BaseDB2,0.09,0.088
c5.2xlarge,Redhat8Oracle,0.1,0.098
c5.2xlarge,Redhat7Base,0.11,0.108
c5.2xlarge,Redhat7Oracle,0.12,0.118
c5.2xlarge,Win2019Base,0.13,0.128
c5.2xlarge,Win2019Sql,0.14,0.138
c5.2xlarge,Win2016Base,0.15,0.148
c5.2xlarge,Win2016Sql,0.16,0.158
c5.2xlarge,Win2012Rehost,0.17,0.168
c5.4xlarge,Redhat9Base,0.05,0.048
c5.4xlarge,Redhat9BaseDB2,0.06,0.058
c5.4xlarge,Redhat9Oracle,0.07,0.068
c5.4xlarge,Redhat8Base,0.08,0.078
c5.4xlarge,Redhat8BaseDB2,0.09,0.088
c5.4xlarge,Redhat8Oracle,0.1,0.098
c5.4xlarge,Redhat7Base,0.11,0.108
c5.4xlarge,Redhat7Oracle,0.12,0.118
c5.4xlarge,Win2019Base,0.13,0.128
c5.4xlarge,Win2019Sql,0.14,0.138
c5.4xlarge,Win2016Base,0.15,0.148
c5.4xlarge,Win2016Sql,0.16,0.158
c5.4xlarge,Win2012Rehost,0.17,0.168
m4.2xlarge,Redhat9Base,0.05,0.048
m4.2xlarge,Redhat9BaseDB2,0.06,0.058
m4.2xlarge,Redhat9Oracle,0.07,0.068
m4.2xlarge,Redhat8Base,0.08,0.078
m4.2xlarge,Redhat8BaseDB2,0.09,0.088
m4.2xlarge,Redhat8Oracle,0.1,0.098
m4.2xlarge,Redhat7Base,0.11,0.108
m4.2xlarge,Redhat7Oracle,0.12,0.118
m4.2xlarge,Win2019Base,0.13,0.128
m4.2xlarge,Win2019Sql,0.14,0.138
m4.2xlarge,Win2016Base,0.15,0.148
m4.2xlarge,Win2016Sql,0.16,0.158
m4.2xlarge,Win2012Rehost,0.17,0.168
m5.large,Redhat9Base,0.05,0.048
m5.large,Redhat9BaseDB2,0.06,0.058
m5.large,Redhat9Oracle,0.07,0.068
m5.large,Redhat8Base,0.08,0.078
m5.large,Redhat8BaseDB2,0.09,0.088
m5.large,Redhat8Oracle,0.1,0.098
m5.large,Redhat7Base,0.11,0.108
m5.large,Redhat7Oracle,0.12,0.118
m5.large,Win2019Base,0.13,0.128
m5.large,Win2019Sql,0.14,0.138
m5.large,Win2016Base,0.15,0.148
m5.large,Win2016Sql,0.16,0.158
m5.large,Win2012Rehost,0.17,0.168
m5.xlarge,Redhat9Base,0.05,0.048
m5.xlarge,Redhat9BaseDB2,0.06,0.058
m5.xlarge,Redhat9Oracle,0.07,0.068
m5.xlarge,Redhat8Base,0.08,0.078
m5.xlarge,Redhat8BaseDB2,0.09,0.088
m5.xlarge,Redhat8Oracle,0.1,0.098
m5.xlarge,Redhat7Base,0.11,0.108
m5.xlarge,Redhat7Oracle,0.12,0.118
m5.xlarge,Win2019Base,0.13,0.128
m5.xlarge,Win2019Sql,0.14,0.138
m5.xlarge,Win2016Base,0.15,0.148
m5.xlarge,Win2016Sql,0.16,0.158
m5.xlarge,Win2012Rehost,0.17,0.168
m5.2xlarge,Redhat9Base,0.05,0.048
m5.2xlarge,Redhat9BaseDB2,0.06,0.058
m5.2xlarge,Redhat9Oracle,0.07,0.068
m5.2xlarge,Redhat8Base,0.08,0.078
m5.2xlarge,Redhat8BaseDB2,0.09,0.088
m5.2xlarge,Redhat8Oracle,0.1,0.098
m5.2xlarge,Redhat7Base,0.11,0.108
m5.2xlarge,Redhat7Oracle,0.12,0.118
m5.2xlarge,Win2019Base,0.13,0.128
m5.2xlarge,Win2019Sql,0.14,0.138
m5.2xlarge,Win2016Base,0.15,0.148
m5.2xlarge,Win2016Sql,0.16,0.158
m5.2xlarge,Win2012Rehost,0.17,0.168
m5.4xlarge,Redhat9Base,0.05,0.048
m5.4xlarge,Redhat9BaseDB2,0.06,0.058
m5.4xlarge,Redhat9Oracle,0.07,0.068
m5.4xlarge,Redhat8Base,0.08,0.078
m5.4xlarge,Redhat8BaseDB2,0.09,0.088
m5.4xlarge,Redhat8Oracle,0.1,0.098
m5.4xlarge,Redhat7Base,0.11,0.108
m5.4xlarge,Redhat7Oracle,0.12,0.118
m5.4xlarge,Win2019Base,0.13,0.128
m5.4xlarge,Win2019Sql,0.14,0.138
m5.4xlarge,Win2016Base,0.15,0.148
m5.4xlarge,Win2016Sql,0.16,0.158
m5.4xlarge,Win2012Rehost,0.17,0.168
m5.8xlarge,Redhat9Base,0.05,0.048
m5.8xlarge,Redhat9BaseDB2,0.06,0.058
m5.8xlarge,Redhat9Oracle,0.07,0.068
m5.8xlarge,Redhat8Base,0.08,0.078
m5.8xlarge,Redhat8BaseDB2,0.09,0.088
m5.8xlarge,Redhat8Oracle,0.1,0.098
m5.8xlarge,Redhat7Base,0.11,0.108
m5.8xlarge,Redhat7Oracle,0.12,0.118
m5.8xlarge,Win2019Base,0.13,0.128
m5.8xlarge,Win2019Sql,0.14,0.138
m5.8xlarge,Win2016Base,0.15,0.148
m5.8xlarge,Win2016Sql,0.16,0.158
m5.8xlarge,Win2012Rehost,0.17,0.168
m5.16xlarge,Redhat9Base,0.05,0.048
m5.16xlarge,Redhat9BaseDB2,0.06,0.058
m5.16xlarge,Redhat9Oracle,0.07,0.068
m5.16xlarge,Redhat8Base,0.08,0.078
m5.16xlarge,Redhat8BaseDB2,0.09,0.088
m5.16xlarge,Redhat8Oracle,0.1,0.098
m5.16xlarge,Redhat7Base,0.11,0.108
m5.16xlarge,Redhat7Oracle,0.12,0.118
m5.16xlarge,Win2019Base,0.13,0.128
m5.16xlarge,Win2019Sql,0.14,0.138
m5.16xlarge,Win2016Base,0.15,0.148
m5.16xlarge,Win2016Sql,0.16,0.158
m5.16xlarge,Win2012Rehost,0.17,0.168
r5.4xlarge,Redhat9Base,0.05,0.048
r5.4xlarge,Redhat9BaseDB2,0.06,0.058
r5.4xlarge,Redhat9Oracle,0.07,0.068
r5.4xlarge,Redhat8Base,0.08,0.078
r5.4xlarge,Redhat8BaseDB2,0.09,0.088
r5.4xlarge,Redhat8Oracle,0.1,0.098
r5.4xlarge,Redhat7Base,0.11,0.108
r5.4xlarge,Redhat7Oracle,0.12,0.118
r5.4xlarge,Win2019Base,0.13,0.128
r5.4xlarge,Win2019Sql,0.14,0.138
r5.4xlarge,Win2016Base,0.15,0.148
r5.4xlarge,Win2016Sql,0.16,0.158
r5.4xlarge,Win2012Rehost,0.17,0.168
x1e.4xlarge,Redhat9Base,0.05,0.048
x1e.4xlarge,Redhat9BaseDB2,0.06,0.058
x1e.4xlarge,Redhat9Oracle,0.07,0.068
x1e.4xlarge,Redhat8Base,0.08,0.078
x1e.4xlarge,Redhat8BaseDB2,0.09,0.088
x1e.4xlarge,Redhat8Oracle,0.1,0.098
x1e.4xlarge,Redhat7Base,0.11,0.108
x1e.4xlarge,Redhat7Oracle,0.12,0.118
x1e.4xlarge,Win2019Base,0.13,0.128
x1e.4xlarge,Win2019Sql,0.14,0.138
x1e.4xlarge,Win2016Base,0.15,0.148
x1e.4xlarge,Win2016Sql,0.16,0.158
x1e.4xlarge,Win2012Rehost,0.17,0.168
m5n.large,Redhat9Base,0.05,0.048
m5n.large,Redhat9BaseDB2,0.06,0.058
m5n.large,Redhat9Oracle,0.07,0.068
m5n.large,Redhat8Base,0.08,0.078
m5n.large,Redhat8BaseDB2,0.09,0.088
m5n.large,Redhat8Oracle,0.1,0.098
m5n.large,Redhat7Base,0.11,0.108
m5n.large,Redhat7Oracle,0.12,0.118
m5n.large,Win2019Base,0.13,0.128
m5n.large,Win2019Sql,0.14,0.138
m5n.large,Win2016Base,0.15,0.148
m5n.large,Win2016Sql,0.16,0.158
m5n.large,Win2012Rehost,0.17,0.168
m5n.xlarge,Redhat9Base,0.05,0.048
m5n.xlarge,Redhat9BaseDB2,0.06,0.058
m5n.xlarge,Redhat9Oracle,0.07,0.068
m5n.xlarge,Redhat8Base,0.08,0.078
m5n.xlarge,Redhat8BaseDB2,0.09,0.088
m5n.xlarge,Redhat8Oracle,0.1,0.098
m5n.xlarge,Redhat7Base,0.11,0.108
m5n.xlarge,Redhat7Oracle,0.12,0.118
m5n.xlarge,Win2019Base,0.13,0.128
m5n.xlarge,Win2019Sql,0.14,0.138
m5n.xlarge,Win2016Base,0.15,0.148
m5n.xlarge,Win2016Sql,0.16,0.158
m5n.xlarge,Win2012Rehost,0.17,0.168
m5n.2xlarge,Redhat9Base,0.05,0.048
m5n.2xlarge,Redhat9BaseDB2,0.06,0.058
m5n.2xlarge,Redhat9Oracle,0.07,0.068
m5n.2xlarge,Redhat8Base,0.08,0.078
m5n.2xlarge,Redhat8BaseDB2,0.09,0.088
m5n.2xlarge,Redhat8Oracle,0.1,0.098
m5n.2xlarge,Redhat7Base,0.11,0.108
m5n.2xlarge,Redhat7Oracle,0.12,0.118
m5n.2xlarge,Win2019Base,0.13,0.128
m5n.2xlarge,Win2019Sql,0.14,0.138
m5n.2xlarge,Win2016Base,0.15,0.148
m5n.2xlarge,Win2016Sql,0.16,0.158
m5n.2xlarge,Win2012Rehost,0.17,0.168
m5n.4xlarge,Redhat9Base,0.05,0.048
m5n.4xlarge,Redhat9BaseDB2,0.06,0.058
m5n.4xlarge,Redhat9Oracle,0.07,0.068
m5n.4xlarge,Redhat8Base,0.08,0.078
m5n.4xlarge,Redhat8BaseDB2,0.09,0.088
m5n.4xlarge,Redhat8Oracle,0.1,0.098
m5n.4xlarge,Redhat7Base,0.11,0.108
m5n.4xlarge,Redhat7Oracle,0.12,0.118
m5n.4xlarge,Win2019Base,0.13,0.128
m5n.4xlarge,Win2019Sql,0.14,0.138
m5n.4xlarge,Win2016Base,0.15,0.148
m5n.4xlarge,Win2016Sql,0.16,0.158
m5n.4xlarge,Win2012Rehost,0.17,0.168
m5n.8xlarge,Redhat9Base,0.05,0.048
m5n.8xlarge,Redhat9BaseDB2,0.06,0.058
m5n.8xlarge,Redhat9Oracle,0.07,0.068
m5n.8xlarge,Redhat8Base,0.08,0.078
m5n.8xlarge,Redhat8BaseDB2,0.09,0.088
m5n.8xlarge,Redhat8Oracle,0.1,0.098
m5n.8xlarge,Redhat7Base,0.11,0.108
m5n.8xlarge,Redhat7Oracle,0.12,0.118
m5n.8xlarge,Win2019Base,0.13,0.128
m5n.8xlarge,Win2019Sql,0.14,0.138
m5n.8xlarge,Win2016Base,0.15,0.148
m5n.8xlarge,Win2016Sql,0.16,0.158
m5n.8xlarge,Win2012Rehost,0.17,0.168
m5n.12xlarge,Redhat9Base,0.05,0.048
m5n.12xlarge,Redhat9BaseDB2,0.06,0.058
m5n.12xlarge,Redhat9Oracle,0.07,0.068
m5n.12xlarge,Redhat8Base,0.08,0.078
m5n.12xlarge,Redhat8BaseDB2,0.09,0.088
m5n.12xlarge,Redhat8Oracle,0.1,0.098
m5n.12xlarge,Redhat7Base,0.11,0.108
m5n.12xlarge,Redhat7Oracle,0.12,0.118
m5n.12xlarge,Win2019Base,0.13,0.128
m5n.12xlarge,Win2019Sql,0.14,0.138
m5n.12xlarge,Win2016Base,0.15,0.148
m5n.12xlarge,Win2016Sql,0.16,0.158
m5n.12xlarge,Win2012Rehost,0.17,0.168
m5n.16xlarge,Redhat9Base,0.05,0.048
m5n.16xlarge,Redhat9BaseDB2,0.06,0.058
m5n.16xlarge,Redhat9Oracle,0.07,0.068
m5n.16xlarge,Redhat8Base,0.08,0.078
m5n.16xlarge,Redhat8BaseDB2,0.09,0.088
m5n.16xlarge,Redhat8Oracle,0.1,0.098
m5n.16xlarge,Redhat7Base,0.11,0.108
m5n.16xlarge,Redhat7Oracle,0.12,0.118
m5n.16xlarge,Win2019Base,0.13,0.128
m5n.16xlarge,Win2019Sql,0.14,0.138
m5n.16xlarge,Win2016Base,0.15,0.148
m5n.16xlarge,Win2016Sql,0.16,0.158
m5n.16xlarge,Win2012Rehost,0.17,0.168
m5n.24xlarge,Redhat9Base,0.05,0.048
m5n.24xlarge,Redhat9BaseDB2,0.06,0.058
m5n.24xlarge,Redhat9Oracle,0.07,0.068
m5n.24xlarge,Redhat8Base,0.08,0.078
m5n.24xlarge,Redhat8BaseDB2,0.09,0.088
m5n.24xlarge,Redhat8Oracle,0.1,0.098
m5n.24xlarge,Redhat7Base,0.11,0.108
m5n.24xlarge,Redhat7Oracle,0.12,0.118
m5n.24xlarge,Win2019Base,0.13,0.128
m5n.24xlarge,Win2019Sql,0.14,0.138
m5n.24xlarge,Win2016Base,0.15,0.148
m5n.24xlarge,Win2016Sql,0.16,0.158
m5n.24xlarge,Win2012Rehost,0.17,0.168
m5n.metal,Redhat9Base,0.05,0.048
m5n.metal,Redhat9BaseDB2,0.06,0.058
m5n.metal,Redhat9Oracle,0.07,0.068
m5n.metal,Redhat8Base,0.08,0.078
m5n.metal,Redhat8BaseDB2,0.09,0.088
m5n.metal,Redhat8Oracle,0.1,0.098
m5n.metal,Redhat7Base,0.11,0.108
m5n.metal,Redhat7Oracle,0.12,0.118
m5n.metal,Win2019Base,0.13,0.128
m5n.metal,Win2019Sql,0.14,0.138
m5n.metal,Win2016Base,0.15,0.148
m5n.metal,Win2016Sql,0.16,0.158
m5n.metal,Win2012Rehost,0.17,0.168
m6i.large,Redhat9Base,0.05,0.048
m6i.large,Redhat9BaseDB2,0.06,0.058
m6i.large,Redhat9Oracle,0.07,0.068
m6i.large,Redhat8Base,0.08,0.078
m6i.large,Redhat8BaseDB2,0.09,0.088
m6i.large,Redhat8Oracle,0.1,0.098
m6i.large,Redhat7Base,0.11,0.108
m6i.large,Redhat7Oracle,0.12,0.118
m6i.large,Win2019Base,0.13,0.128
m6i.large,Win2019Sql,0.14,0.138
m6i.large,Win2016Base,0.15,0.148
m6i.large,Win2016Sql,0.16,0.158
m6i.large,Win2012Rehost,0.17,0.168
m6i.xlarge,Redhat9Base,0.05,0.048
m6i.xlarge,Redhat9BaseDB2,0.06,0.058
m6i.xlarge,Redhat9Oracle,0.07,0.068
m6i.xlarge,Redhat8Base,0.08,0.078
m6i.xlarge,Redhat8BaseDB2,0.09,0.088
m6i.xlarge,Redhat8Oracle,0.1,0.098
m6i.xlarge,Redhat7Base,0.11,0.108
m6i.xlarge,Redhat7Oracle,0.12,0.118
m6i.xlarge,Win2019Base,0.13,0.128
m6i.xlarge,Win2019Sql,0.14,0.138
m6i.xlarge,Win2016Base,0.15,0.148
m6i.xlarge,Win2016Sql,0.16,0.158
m6i.xlarge,Win2012Rehost,0.17,0.168
m6i.2xlarge,Redhat9Base,0.05,0.048
m6i.2xlarge,Redhat9BaseDB2,0.06,0.058
m6i.2xlarge,Redhat9Oracle,0.07,0.068
m6i.2xlarge,Redhat8Base,0.08,0.078
m6i.2xlarge,Redhat8BaseDB2,0.09,0.088
m6i.2xlarge,Redhat8Oracle,0.1,0.098
m6i.2xlarge,Redhat7Base,0.11,0.108
m6i.2xlarge,Redhat7Oracle,0.12,0.118
m6i.2xlarge,Win2019Base,0.13,0.128
m6i.2xlarge,Win2019Sql,0.14,0.138
m6i.2xlarge,Win2016Base,0.15,0.148
m6i.2xlarge,Win2016Sql,0.16,0.158
m6i.2xlarge,Win2012Rehost,0.17,0.168
m6i.4xlarge,Redhat9Base,0.05,0.048
m6i.4xlarge,Redhat9BaseDB2,0.06,0.058
m6i.4xlarge,Redhat9Oracle,0.07,0.068
m6i.4xlarge,Redhat8Base,0.08,0.078
m6i.4xlarge,Redhat8BaseDB2,0.09,0.088
m6i.4xlarge,Redhat8Oracle,0.1,0.098
m6i.4xlarge,Redhat7Base,0.11,0.108
m6i.4xlarge,Redhat7Oracle,0.12,0.118
m6i.4xlarge,Win2019Base,0.13,0.128
m6i.4xlarge,Win2019Sql,0.14,0.138
m6i.4xlarge,Win2016Base,0.15,0.148
m6i.4xlarge,Win2016Sql,0.16,0.158
m6i.4xlarge,Win2012Rehost,0.17,0.168
m6i.8xlarge,Redhat9Base,0.05,0.048
m6i.8xlarge,Redhat9BaseDB2,0.06,0.058
m6i.8xlarge,Redhat9Oracle,0.07,0.068
m6i.8xlarge,Redhat8Base,0.08,0.078
m6i.8xlarge,Redhat8BaseDB2,0.09,0.088
m6i.8xlarge,Redhat8Oracle,0.1,0.098
m6i.8xlarge,Redhat7Base,0.11,0.108
m6i.8xlarge,Redhat7Oracle,0.12,0.118
m6i.8xlarge,Win2019Base,0.13,0.128
m6i.8xlarge,Win2019Sql,0.14,0.138
m6i.8xlarge,Win2016Base,0.15,0.148
m6i.8xlarge,Win2016Sql,0.16,0.158
m6i.8xlarge,Win2012Rehost,0.17,0.168
m6i.12xlarge,Redhat9Base,0.05,0.048
m6i.12xlarge,Redhat9BaseDB2,0.06,0.058
m6i.12xlarge,Redhat9Oracle,0.07,0.068
m6i.12xlarge,Redhat8Base,0.08,0.078
m6i.12xlarge,Redhat8BaseDB2,0.09,0.088
m6i.12xlarge,Redhat8Oracle,0.1,0.098
m6i.12xlarge,Redhat7Base,0.11,0.108
m6i.12xlarge,Redhat7Oracle,0.12,0.118
m6i.12xlarge,Win2019Base,0.13,0.128
m6i.12xlarge,Win2019Sql,0.14,0.138
m6i.12xlarge,Win2016Base,0.15,0.148
m6i.12xlarge,Win2016Sql,0.16,0.158
m6i.12xlarge,Win2012Rehost,0.17,0.168
m6i.16xlarge,Redhat9Base,0.05,0.048
m6i.16xlarge,Redhat9BaseDB2,0.06,0.058
m6i.16xlarge,Redhat9Oracle,0.07,0.068
m6i.16xlarge,Redhat8Base,0.08,0.078
m6i.16xlarge,Redhat8BaseDB2,0.09,0.088
m6i.16xlarge,Redhat8Oracle,0.1,0.098
m6i.16xlarge,Redhat7Base,0.11,0.108
m6i.16xlarge,Redhat7Oracle,0.12,0.118
m6i.16xlarge,Win2019Base,0.13,0.128
m6i.16xlarge,Win2019Sql,0.14,0.138
m6i.16xlarge,Win2016Base,0.15,0.148
m6i.16xlarge,Win2016Sql,0.16,0.158
m6i.16xlarge,Win2012Rehost,0.17,0.168
m6i.24xlarge,Redhat9Base,0.05,0.048
m6i.24xlarge,Redhat9BaseDB2,0.06,0.058
m6i.24xlarge,Redhat9Oracle,0.07,0.068
m6i.24xlarge,Redhat8Base,0.08,0.078
m6i.24xlarge,Redhat8BaseDB2,0.09,0.088
m6i.24xlarge,Redhat8Oracle,0.1,0.098
m6i.24xlarge,Redhat7Base,0.11,0.108
m6i.24xlarge,Redhat7Oracle,0.12,0.118
m6i.24xlarge,Win2019Base,0.13,0.128
m6i.24xlarge,Win2019Sql,0.14,0.138
m6i.24xlarge,Win2016Base,0.15,0.148
m6i.24xlarge,Win2016Sql,0.16,0.158
m6i.24xlarge,Win2012Rehost,0.17,0.168
m6i.32xlarge,Redhat9Base,0.05,0.048
m6i.32xlarge,Redhat9BaseDB2,0.06,0.058
m6i.32xlarge,Redhat9Oracle,0.07,0.068
m6i.32xlarge,Redhat8Base,0.08,0.078
m6i.32xlarge,Redhat8BaseDB2,0.09,0.088
m6i.32xlarge,Redhat8Oracle,0.1,0.098
m6i.32xlarge,Redhat7Base,0.11,0.108
m6i.32xlarge,Redhat7Oracle,0.12,0.118
m6i.32xlarge,Win2019Base,0.13,0.128
m6i.32xlarge,Win2019Sql,0.14,0.138
m6i.32xlarge,Win2016Base,0.15,0.148
m6i.32xlarge,Win2016Sql,0.16,0.158
m6i.32xlarge,Win2012Rehost,0.17,0.168
m6i.metal,Redhat9Base,0.05,0.048
m6i.metal,Redhat9BaseDB2,0.06,0.058
m6i.metal,Redhat9Oracle,0.07,0.068
m6i.metal,Redhat8Base,0.08,0.078
m6i.metal,Redhat8BaseDB2,0.09,0.088
m6i.metal,Redhat8Oracle,0.1,0.098
m6i.metal,Redhat7Base,0.11,0.108
m6i.metal,Redhat7Oracle,0.12,0.118
m6i.metal,Win2019Base,0.13,0.128
m6i.metal,Win2019Sql,0.14,0.138
m6i.metal,Win2016Base,0.15,0.148
m6i.metal,Win2016Sql,0.16,0.158
m6i.metal,Win2012Rehost,0.17,0.168
m6id.large,Redhat9Base,0.05,0.048
m6id.large,Redhat9BaseDB2,0.06,0.058
m6id.large,Redhat9Oracle,0.07,0.068
m6id.large,Redhat8Base,0.08,0.078
m6id.large,Redhat8BaseDB2,0.09,0.088
m6id.large,Redhat8Oracle,0.1,0.098
m6id.large,Redhat7Base,0.11,0.108
m6id.large,Redhat7Oracle,0.12,0.118
m6id.large,Win2019Base,0.13,0.128
m6id.large,Win2019Sql,0.14,0.138
m6id.large,Win2016Base,0.15,0.148
m6id.large,Win2016Sql,0.16,0.158
m6id.large,Win2012Rehost,0.17,0.168
m6id.xlarge,Redhat9Base,0.05,0.048
m6id.xlarge,Redhat9BaseDB2,0.06,0.058
m6id.xlarge,Redhat9Oracle,0.07,0.068
m6id.xlarge,Redhat8Base,0.08,0.078
m6id.xlarge,Redhat8BaseDB2,0.09,0.088
m6id.xlarge,Redhat8Oracle,0.1,0.098
m6id.xlarge,Redhat7Base,0.11,0.108
m6id.xlarge,Redhat7Oracle,0.12,0.118
m6id.xlarge,Win2019Base,0.13,0.128
m6id.xlarge,Win2019Sql,0.14,0.138
m6id.xlarge,Win2016Base,0.15,0.148
m6id.xlarge,Win2016Sql,0.16,0.158
m6id.xlarge,Win2012Rehost,0.17,0.168
m6id.2xlarge,Redhat9Base,0.05,0.048
m6id.2xlarge,Redhat9BaseDB2,0.06,0.058
m6id.2xlarge,Redhat9Oracle,0.07,0.068
m6id.2xlarge,Redhat8Base,0.08,0.078
m6id.2xlarge,Redhat8BaseDB2,0.09,0.088
m6id.2xlarge,Redhat8Oracle,0.1,0.098
m6id.2xlarge,Redhat7Base,0.11,0.108
m6id.2xlarge,Redhat7Oracle,0.12,0.118
m6id.2xlarge,Win2019Base,0.13,0.128
m6id.2xlarge,Win2019Sql,0.14,0.138
m6id.2xlarge,Win2016Base,0.15,0.148
m6id.2xlarge,Win2016Sql,0.16,0.158
m6id.2xlarge,Win2012Rehost,0.17,0.168
m6id.4xlarge,Redhat9Base,0.05,0.048
m6id.4xlarge,Redhat9BaseDB2,0.06,0.058
m6id.4xlarge,Redhat9Oracle,0.07,0.068
m6id.4xlarge,Redhat8Base,0.08,0.078
m6id.4xlarge,Redhat8BaseDB2,0.09,0.088
m6id.4xlarge,Redhat8Oracle,0.1,0.098
m6id.4xlarge,Redhat7Base,0.11,0.108
m6id.4xlarge,Redhat7Oracle,0.12,0.118
m6id.4xlarge,Win2019Base,0.13,0.128
m6id.4xlarge,Win2019Sql,0.14,0.138
m6id.4xlarge,Win2016Base,0.15,0.148
m6id.4xlarge,Win2016Sql,0.16,0.158
m6id.4xlarge,Win2012Rehost,0.17,0.168
m6id.8xlarge,Redhat9Base,0.05,0.048
m6id.8xlarge,Redhat9BaseDB2,0.06,0.058
m6id.8xlarge,Redhat9Oracle,0.07,0.068
m6id.8xlarge,Redhat8Base,0.08,0.078
m6id.8xlarge,Redhat8BaseDB2,0.09,0.088
m6id.8xlarge,Redhat8Oracle,0.1,0.098
m6id.8xlarge,Redhat7Base,0.11,0.108
m6id.8xlarge,Redhat7Oracle,0.12,0.118
m6id.8xlarge,Win2019Base,0.13,0.128
m6id.8xlarge,Win2019Sql,0.14,0.138
m6id.8xlarge,Win2016Base,0.15,0.148
m6id.8xlarge,Win2016Sql,0.16,0.158
m6id.8xlarge,Win2012Rehost,0.17,0.168
m6id.12xlarge,Redhat9Base,0.05,0.048
m6id.12xlarge,Redhat9BaseDB2,0.06,0.058
m6id.12xlarge,Redhat9Oracle,0.07,0.068
m6id.12xlarge,Redhat8Base,0.08,0.078
m6id.12xlarge,Redhat8BaseDB2,0.09,0.088
m6id.12xlarge,Redhat8Oracle,0.1,0.098
m6id.12xlarge,Redhat7Base,0.11,0.108
m6id.12xlarge,Redhat7Oracle,0.12,0.118
m6id.12xlarge,Win2019Base,0.13,0.128
m6id.12xlarge,Win2019Sql,0.14,0.138
m6id.12xlarge,Win2016Base,0.15,0.148
m6id.12xlarge,Win2016Sql,0.16,0.158
m6id.12xlarge,Win2012Rehost,0.17,0.168
m6id.16xlarge,Redhat9Base,0.05,0.048
m6id.16xlarge,Redhat9BaseDB2,0.06,0.058
m6id.16xlarge,Redhat9Oracle,0.07,0.068
m6id.16xlarge,Redhat8Base,0.08,0.078
m6id.16xlarge,Redhat8BaseDB2,0.09,0.088
m6id.16xlarge,Redhat8Oracle,0.1,0.098
m6id.16xlarge,Redhat7Base,0.11,0.108
m6id.16xlarge,Redhat7Oracle,0.12,0.118
m6id.16xlarge,Win2019Base,0.13,0.128
m6id.16xlarge,Win2019Sql,0.14,0.138
m6id.16xlarge,Win2016Base,0.15,0.148
m6id.16xlarge,Win2016Sql,0.16,0.158
m6id.16xlarge,Win2012Rehost,0.17,0.168
m6id.24xlarge,Redhat9Base,0.05,0.048
m6id.24xlarge,Redhat9BaseDB2,0.06,0.058
m6id.24xlarge,Redhat9Oracle,0.07,0.068
m6id.24xlarge,Redhat8Base,0.08,0.078
m6id.24xlarge,Redhat8BaseDB2,0.09,0.088
m6id.24xlarge,Redhat8Oracle,0.1,0.098
m6id.24xlarge,Redhat7Base,0.11,0.108
m6id.24xlarge,Redhat7Oracle,0.12,0.118
m6id.24xlarge,Win2019Base,0.13,0.128
m6id.24xlarge,Win2019Sql,0.14,0.138
m6id.24xlarge,Win2016Base,0.15,0.148
m6id.24xlarge,Win2016Sql,0.16,0.158
m6id.24xlarge,Win2012Rehost,0.17,0.168
m6id.32xlarge,Redhat9Base,0.05,0.048
m6id.32xlarge,Redhat9BaseDB2,0.06,0.058
m6id.32xlarge,Redhat9Oracle,0.07,0.068
m6id.32xlarge,Redhat8Base,0.08,0.078
m6id.32xlarge,Redhat8BaseDB2,0.09,0.088
m6id.32xlarge,Redhat8Oracle,0.1,0.098
m6id.32xlarge,Redhat7Base,0.11,0.108
m6id.32xlarge,Redhat7Oracle,0.12,0.118
m6id.32xlarge,Win2019Base,0.13,0.128
m6id.32xlarge,Win2019Sql,0.14,0.138
m6id.32xlarge,Win2016Base,0.15,0.148
m6id.32xlarge,Win2016Sql,0.16,0.158
m6id.32xlarge,Win2012Rehost,0.17,0.168
m6id.metal,Redhat9Base,0.05,0.048
m6id.metal,Redhat9BaseDB2,0.06,0.058
m6id.metal,Redhat9Oracle,0.07,0.068
m6id.metal,Redhat8Base,0.08,0.078
m6id.metal,Redhat8BaseDB2,0.09,0.088
m6id.metal,Redhat8Oracle,0.1,0.098
m6id.metal,Redhat7Base,0.11,0.108
m6id.metal,Redhat7Oracle,0.12,0.118
m6id.metal,Win2019Base,0.13,0.128
m6id.metal,Win2019Sql,0.14,0.138
m6id.metal,Win2016Base,0.15,0.148
m6id.metal,Win2016Sql,0.16,0.158
m6id.metal,Win2012Rehost,0.17,0.168
m6in.large,Redhat9Base,0.05,0.048
m6in.large,Redhat9BaseDB2,0.06,0.058
m6in.large,Redhat9Oracle,0.07,0.068
m6in.large,Redhat8Base,0.08,0.078
m6in.large,Redhat8BaseDB2,0.09,0.088
m6in.large,Redhat8Oracle,0.1,0.098
m6in.large,Redhat7Base,0.11,0.108
m6in.large,Redhat7Oracle,0.12,0.118
m6in.large,Win2019Base,0.13,0.128
m6in.large,Win2019Sql,0.14,0.138
m6in.large,Win2016Base,0.15,0.148
m6in.large,Win2016Sql,0.16,0.158
m6in.large,Win2012Rehost,0.17,0.168
m6in.xlarge,Redhat9Base,0.05,0.048
m6in.xlarge,Redhat9BaseDB2,0.06,0.058
m6in.xlarge,Redhat9Oracle,0.07,0.068
m6in.xlarge,Redhat8Base,0.08,0.078
m6in.xlarge,Redhat8BaseDB2,0.09,0.088
m6in.xlarge,Redhat8Oracle,0.1,0.098
m6in.xlarge,Redhat7Base,0.11,0.108
m6in.xlarge,Redhat7Oracle,0.12,0.118
m6in.xlarge,Win2019Base,0.13,0.128
m6in.xlarge,Win2019Sql,0.14,0.138
m6in.xlarge,Win2016Base,0.15,0.148
m6in.xlarge,Win2016Sql,0.16,0.158
m6in.xlarge,Win2012Rehost,0.17,0.168
m6in.2xlarge,Redhat9Base,0.05,0.048
m6in.2xlarge,Redhat9BaseDB2,0.06,0.058
m6in.2xlarge,Redhat9Oracle,0.07,0.068
m6in.2xlarge,Redhat8Base,0.08,0.078
m6in.2xlarge,Redhat8BaseDB2,0.09,0.088
m6in.2xlarge,Redhat8Oracle,0.1,0.098
m6in.2xlarge,Redhat7Base,0.11,0.108
m6in.2xlarge,Redhat7Oracle,0.12,0.118
m6in.2xlarge,Win2019Base,0.13,0.128
m6in.2xlarge,Win2019Sql,0.14,0.138
m6in.2xlarge,Win2016Base,0.15,0.148
m6in.2xlarge,Win2016Sql,0.16,0.158
m6in.2xlarge,Win2012Rehost,0.17,0.168
m6in.4xlarge,Redhat9Base,0.05,0.048
m6in.4xlarge,Redhat9BaseDB2,0.06,0.058
m6in.4xlarge,Redhat9Oracle,0.07,0.068
m6in.4xlarge,Redhat8Base,0.08,0.078
m6in.4xlarge,Redhat8BaseDB2,0.09,0.088
m6in.4xlarge,Redhat8Oracle,0.1,0.098
m6in.4xlarge,Redhat7Base,0.11,0.108
m6in.4xlarge,Redhat7Oracle,0.12,0.118
m6in.4xlarge,Win2019Base,0.13,0.128
m6in.4xlarge,Win2019Sql,0.14,0.138
m6in.4xlarge,Win2016Base,0.15,0.148
m6in.4xlarge,Win2016Sql,0.16,0.158
m6in.4xlarge,Win2012Rehost,0.17,0.168
m6in.8xlarge,Redhat9Base,0.05,0.048
m6in.8xlarge,Redhat9BaseDB2,0.06,0.058
m6in.8xlarge,Redhat9Oracle,0.07,0.068
m6in.8xlarge,Redhat8Base,0.08,0.078
m6in.8xlarge,Redhat8BaseDB2,0.09,0.088
m6in.8xlarge,Redhat8Oracle,0.1,0.098
m6in.8xlarge,Redhat7Base,0.11,0.108
m6in.8xlarge,Redhat7Oracle,0.12,0.118
m6in.8xlarge,Win2019Base,0.13,0.128
m6in.8xlarge,Win2019Sql,0.14,0.138
m6in.8xlarge,Win2016Base,0.15,0.148
m6in.8xlarge,Win2016Sql,0.16,0.158
m6in.8xlarge,Win2012Rehost,0.17,0.168
m6in.12xlarge,Redhat9Base,0.05,0.048
m6in.12xlarge,Redhat9BaseDB2,0.06,0.058
m6in.12xlarge,Redhat9Oracle,0.07,0.068
m6in.12xlarge,Redhat8Base,0.08,0.078
m6in.12xlarge,Redhat8BaseDB2,0.09,0.088
m6in.12xlarge,Redhat8Oracle,0.1,0.098
m6in.12xlarge,Redhat7Base,0.11,0.108
m6in.12xlarge,Redhat7Oracle,0.12,0.118
m6in.12xlarge,Win2019Base,0.13,0.128
m6in.12xlarge,Win2019Sql,0.14,0.138
m6in.12xlarge,Win2016Base,0.15,0.148
m6in.12xlarge,Win2016Sql,0.16,0.158
m6in.12xlarge,Win2012Rehost,0.17,0.168
m6in.16xlarge,Redhat9Base,0.05,0.048
m6in.16xlarge,Redhat9BaseDB2,0.06,0.058
m6in.16xlarge,Redhat9Oracle,0.07,0.068
m6in.16xlarge,Redhat8Base,0.08,0.078
m6in.16xlarge,Redhat8BaseDB2,0.09,0.088
m6in.16xlarge,Redhat8Oracle,0.1,0.098
m6in.16xlarge,Redhat7Base,0.11,0.108
m6in.16xlarge,Redhat7Oracle,0.12,0.118
m6in.16xlarge,Win2019Base,0.13,0.128
m6in.16xlarge,Win2019Sql,0.14,0.138
m6in.16xlarge,Win2016Base,0.15,0.148
m6in.16xlarge,Win2016Sql,0.16,0.158
m6in.16xlarge,Win2012Rehost,0.17,0.168
m6in.24xlarge,Redhat9Base,0.05,0.048
m6in.24xlarge,Redhat9BaseDB2,0.06,0.058
m6in.24xlarge,Redhat9Oracle,0.07,0.068
m6in.24xlarge,Redhat8Base,0.08,0.078
m6in.24xlarge,Redhat8BaseDB2,0.09,0.088
m6in.24xlarge,Redhat8Oracle,0.1,0.098
m6in.24xlarge,Redhat7Base,0.11,0.108
m6in.24xlarge,Redhat7Oracle,0.12,0.118
m6in.24xlarge,Win2019Base,0.13,0.128
m6in.24xlarge,Win2019Sql,0.14,0.138
m6in.24xlarge,Win2016Base,0.15,0.148
m6in.24xlarge,Win2016Sql,0.16,0.158
m6in.24xlarge,Win2012Rehost,0.17,0.168
m6in.32xlarge,Redhat9Base,0.05,0.048
m6in.32xlarge,Redhat9BaseDB2,0.06,0.058
m6in.32xlarge,Redhat9Oracle,0.07,0.068
m6in.32xlarge,Redhat8Base,0.08,0.078
m6in.32xlarge,Redhat8BaseDB2,0.09,0.088
m6in.32xlarge,Redhat8Oracle,0.1,0.098
m6in.32xlarge,Redhat7Base,0.11,0.108
m6in.32xlarge,Redhat7Oracle,0.12,0.118
m6in.32xlarge,Win2019Base,0.13,0.128
m6in.32xlarge,Win2019Sql,0.14,0.138
m6in.32xlarge,Win2016Base,0.15,0.148
m6in.32xlarge,Win2016Sql,0.16,0.158
m6in.32xlarge,Win2012Rehost,0.17,0.168
m6in.metal,Redhat9Base,0.05,0.048
m6in.metal,Redhat9BaseDB2,0.06,0.058
m6in.metal,Redhat9Oracle,0.07,0.068
m6in.metal,Redhat8Base,0.08,0.078
m6in.metal,Redhat8BaseDB2,0.09,0.088
m6in.metal,Redhat8Oracle,0.1,0.098
m6in.metal,Redhat7Base,0.11,0.108
m6in.metal,Redhat7Oracle,0.12,0.118
m6in.metal,Win2019Base,0.13,0.128
m6in.metal,Win2019Sql,0.14,0.138
m6in.metal,Win2016Base,0.15,0.148
m6in.metal,Win2016Sql,0.16,0.158
m6in.metal,Win2012Rehost,0.17,0.168
m6a.large,Redhat9Base,0.05,0.048
m6a.large,Redhat9BaseDB2,0.06,0.058
m6a.large,Redhat9Oracle,0.07,0.068
m6a.large,Redhat8Base,0.08,0.078
m6a.large,Redhat8BaseDB2,0.09,0.088
m6a.large,Redhat8Oracle,0.1,0.098
m6a.large,Redhat7Base,0.11,0.108
m6a.large,Redhat7Oracle,0.12,0.118
m6a.large,Win2019Base,0.13,0.128
m6a.large,Win2019Sql,0.14,0.138
m6a.large,Win2016Base,0.15,0.148
m6a.large,Win2016Sql,0.16,0.158
m6a.large,Win2012Rehost,0.17,0.168
m6a.xlarge,Redhat9Base,0.05,0.048
m6a.xlarge,Redhat9BaseDB2,0.06,0.058
m6a.xlarge,Redhat9Oracle,0.07,0.068
m6a.xlarge,Redhat8Base,0.08,0.078
m6a.xlarge,Redhat8BaseDB2,0.09,0.088
m6a.xlarge,Redhat8Oracle,0.1,0.098
m6a.xlarge,Redhat7Base,0.11,0.108
m6a.xlarge,Redhat7Oracle,0.12,0.118
m6a.xlarge,Win2019Base,0.13,0.128
m6a.xlarge,Win2019Sql,0.14,0.138
m6a.xlarge,Win2016Base,0.15,0.148
m6a.xlarge,Win2016Sql,0.16,0.158
m6a.xlarge,Win2012Rehost,0.17,0.168
m6a.2xlarge,Redhat9Base,0.05,0.048
m6a.2xlarge,Redhat9BaseDB2,0.06,0.058
m6a.2xlarge,Redhat9Oracle,0.07,0.068
m6a.2xlarge,Redhat8Base,0.08,0.078
m6a.2xlarge,Redhat8BaseDB2,0.09,0.088
m6a.2xlarge,Redhat8Oracle,0.1,0.098
m6a.2xlarge,Redhat7Base,0.11,0.108
m6a.2xlarge,Redhat7Oracle,0.12,0.118
m6a.2xlarge,Win2019Base,0.13,0.128
m6a.2xlarge,Win2019Sql,0.14,0.138
m6a.2xlarge,Win2016Base,0.15,0.148
m6a.2xlarge,Win2016Sql,0.16,0.158
m6a.2xlarge,Win2012Rehost,0.17,0.168
m6a.4xlarge,Redhat9Base,0.05,0.048
m6a.4xlarge,Redhat9BaseDB2,0.06,0.058
m6a.4xlarge,Redhat9Oracle,0.07,0.068
m6a.4xlarge,Redhat8Base,0.08,0.078
m6a.4xlarge,Redhat8BaseDB2,0.09,0.088
m6a.4xlarge,Redhat8Oracle,0.1,0.098
m6a.4xlarge,Redhat7Base,0.11,0.108
m6a.4xlarge,Redhat7Oracle,0.12,0.118
m6a.4xlarge,Win2019Base,0.13,0.128
m6a.4xlarge,Win2019Sql,0.14,0.138
m6a.4xlarge,Win2016Base,0.15,0.148
m6a.4xlarge,Win2016Sql,0.16,0.158
m6a.4xlarge,Win2012Rehost,0.17,0.168
m6a.8xlarge,Redhat9Base,0.05,0.048
m6a.8xlarge,Redhat9BaseDB2,0.06,0.058
m6a.8xlarge,Redhat9Oracle,0.07,0.068
m6a.8xlarge,Redhat8Base,0.08,0.078
m6a.8xlarge,Redhat8BaseDB2,0.09,0.088
m6a.8xlarge,Redhat8Oracle,0.1,0.098
m6a.8xlarge,Redhat7Base,0.11,0.108
m6a.8xlarge,Redhat7Oracle,0.12,0.118
m6a.8xlarge,Win2019Base,0.13,0.128
m6a.8xlarge,Win2019Sql,0.14,0.138
m6a.8xlarge,Win2016Base,0.15,0.148
m6a.8xlarge,Win2016Sql,0.16,0.158
m6a.8xlarge,Win2012Rehost,0.17,0.168
m6a.12xlarge,Redhat9Base,0.05,0.048
m6a.12xlarge,Redhat9BaseDB2,0.06,0.058
m6a.12xlarge,Redhat9Oracle,0.07,0.068
m6a.12xlarge,Redhat8Base,0.08,0.078
m6a.12xlarge,Redhat8BaseDB2,0.09,0.088
m6a.12xlarge,Redhat8Oracle,0.1,0.098
m6a.12xlarge,Redhat7Base,0.11,0.108
m6a.12xlarge,Redhat7Oracle,0.12,0.118
m6a.12xlarge,Win2019Base,0.13,0.128
m6a.12xlarge,Win2019Sql,0.14,0.138
m6a.12xlarge,Win2016Base,0.15,0.148
m6a.12xlarge,Win2016Sql,0.16,0.158
m6a.12xlarge,Win2012Rehost,0.17,0.168
m6a.16xlarge,Redhat9Base,0.05,0.048
m6a.16xlarge,Redhat9BaseDB2,0.06,0.058
m6a.16xlarge,Redhat9Oracle,0.07,0.068
m6a.16xlarge,Redhat8Base,0.08,0.078
m6a.16xlarge,Redhat8BaseDB2,0.09,0.088
m6a.16xlarge,Redhat8Oracle,0.1,0.098
m6a.16xlarge,Redhat7Base,0.11,0.108
m6a.16xlarge,Redhat7Oracle,0.12,0.118
m6a.16xlarge,Win2019Base,0.13,0.128
m6a.16xlarge,Win2019Sql,0.14,0.138
m6a.16xlarge,Win2016Base,0.15,0.148
m6a.16xlarge,Win2016Sql,0.16,0.158
m6a.16xlarge,Win2012Rehost,0.17,0.168
m6a.24xlarge,Redhat9Base,0.05,0.048
m6a.24xlarge,Redhat9BaseDB2,0.06,0.058
m6a.24xlarge,Redhat9Oracle,0.07,0.068
m6a.24xlarge,Redhat8Base,0.08,0.078
m6a.24xlarge,Redhat8BaseDB2,0.09,0.088
m6a.24xlarge,Redhat8Oracle,0.1,0.098
m6a.24xlarge,Redhat7Base,0.11,0.108
m6a.24xlarge,Redhat7Oracle,0.12,0.118
m6a.24xlarge,Win2019Base,0.13,0.128
m6a.24xlarge,Win2019Sql,0.14,0.138
m6a.24xlarge,Win2016Base,0.15,0.148
m6a.24xlarge,Win2016Sql,0.16,0.158
m6a.24xlarge,Win2012Rehost,0.17,0.168
m6a.32xlarge,Redhat9Base,0.05,0.048
m6a.32xlarge,Redhat9BaseDB2,0.06,0.058
m6a.32xlarge,Redhat9Oracle,0.07,0.068
m6a.32xlarge,Redhat8Base,0.08,0.078
m6a.32xlarge,Redhat8BaseDB2,0.09,0.088
m6a.32xlarge,Redhat8Oracle,0.1,0.098
m6a.32xlarge,Redhat7Base,0.11,0.108
m6a.32xlarge,Redhat7Oracle,0.12,0.118
m6a.32xlarge,Win2019Base,0.13,0.128
m6a.32xlarge,Win2019Sql,0.14,0.138
m6a.32xlarge,Win2016Base,0.15,0.148
m6a.32xlarge,Win2016Sql,0.16,0.158
m6a.32xlarge,Win2012Rehost,0.17,0.168
m6a.48xlarge,Redhat9Base,0.05,0.048
m6a.48xlarge,Redhat9BaseDB2,0.06,0.058
m6a.48xlarge,Redhat9Oracle,0.07,0.068
m6a.48xlarge,Redhat8Base,0.08,0.078
m6a.48xlarge,Redhat8BaseDB2,0.09,0.088
m6a.48xlarge,Redhat8Oracle,0.1,0.098
m6a.48xlarge,Redhat7Base,0.11,0.108
m6a.48xlarge,Redhat7Oracle,0.12,0.118
m6a.48xlarge,Win2019Base,0.13,0.128
m6a.48xlarge,Win2019Sql,0.14,0.138
m6a.48xlarge,Win2016Base,0.15,0.148
m6a.48xlarge,Win2016Sql,0.16,0.158
m6a.48xlarge,Win2012Rehost,0.17,0.168
m6a.metal,Redhat9Base,0.05,0.048
m6a.metal,Redhat9BaseDB2,0.06,0.058
m6a.metal,Redhat9Oracle,0.07,0.068
m6a.metal,Redhat8Base,0.08,0.078
m6a.metal,Redhat8BaseDB2,0.09,0.088
m6a.metal,Redhat8Oracle,0.1,0.098
m6a.metal,Redhat7Base,0.11,0.108
m6a.metal,Redhat7Oracle,0.12,0.118
m6a.metal,Win2019Base,0.13,0.128
m6a.metal,Win2019Sql,0.14,0.138
m6a.metal,Win2016Base,0.15,0.148
m6a.metal,Win2016Sql,0.16,0.158
m6a.metal,Win2012Rehost,0.17,0.168
r6i.large,Redhat9Base,0.05,0.048
r6i.large,Redhat9BaseDB2,0.06,0.058
r6i.large,Redhat9Oracle,0.07,0.068
r6i.large,Redhat8Base,0.08,0.078
r6i.large,Redhat8BaseDB2,0.09,0.088
r6i.large,Redhat8Oracle,0.1,0.098
r6i.large,Redhat7Base,0.11,0.108
r6i.large,Redhat7Oracle,0.12,0.118
r6i.large,Win2019Base,0.13,0.128
r6i.large,Win2019Sql,0.14,0.138
r6i.large,Win2016Base,0.15,0.148
r6i.large,Win2016Sql,0.16,0.158
r6i.large,Win2012Rehost,0.17,0.168
r6i.xlarge,Redhat9Base,0.05,0.048
r6i.xlarge,Redhat9BaseDB2,0.06,0.058
r6i.xlarge,Redhat9Oracle,0.07,0.068
r6i.xlarge,Redhat8Base,0.08,0.078
r6i.xlarge,Redhat8BaseDB2,0.09,0.088
r6i.xlarge,Redhat8Oracle,0.1,0.098
r6i.xlarge,Redhat7Base,0.11,0.108
r6i.xlarge,Redhat7Oracle,0.12,0.118
r6i.xlarge,Win2019Base,0.13,0.128
r6i.xlarge,Win2019Sql,0.14,0.138
r6i.xlarge,Win2016Base,0.15,0.148
r6i.xlarge,Win2016Sql,0.16,0.158
r6i.xlarge,Win2012Rehost,0.17,0.168
r6i.2xlarge,Redhat9Base,0.05,0.048
r6i.2xlarge,Redhat9BaseDB2,0.06,0.058
r6i.2xlarge,Redhat9Oracle,0.07,0.068
r6i.2xlarge,Redhat8Base,0.08,0.078
r6i.2xlarge,Redhat8BaseDB2,0.09,0.088
r6i.2xlarge,Redhat8Oracle,0.1,0.098
r6i.2xlarge,Redhat7Base,0.11,0.108
r6i.2xlarge,Redhat7Oracle,0.12,0.118
r6i.2xlarge,Win2019Base,0.13,0.128
r6i.2xlarge,Win2019Sql,0.14,0.138
r6i.2xlarge,Win2016Base,0.15,0.148
r6i.2xlarge,Win2016Sql,0.16,0.158
r6i.2xlarge,Win2012Rehost,0.17,0.168
r6i.4xlarge,Redhat9Base,0.05,0.048
r6i.4xlarge,Redhat9BaseDB2,0.06,0.058
r6i.4xlarge,Redhat9Oracle,0.07,0.068
r6i.4xlarge,Redhat8Base,0.08,0.078
r6i.4xlarge,Redhat8BaseDB2,0.09,0.088
r6i.4xlarge,Redhat8Oracle,0.1,0.098
r6i.4xlarge,Redhat7Base,0.11,0.108
r6i.4xlarge,Redhat7Oracle,0.12,0.118
r6i.4xlarge,Win2019Base,0.13,0.128
r6i.4xlarge,Win2019Sql,0.14,0.138
r6i.4xlarge,Win2016Base,0.15,0.148
r6i.4xlarge,Win2016Sql,0.16,0.158
r6i.4xlarge,Win2012Rehost,0.17,0.168
r6i.8xlarge,Redhat9Base,0.05,0.048
r6i.8xlarge,Redhat9BaseDB2,0.06,0.058
r6i.8xlarge,Redhat9Oracle,0.07,0.068
r6i.8xlarge,Redhat8Base,0.08,0.078
r6i.8xlarge,Redhat8BaseDB2,0.09,0.088
r6i.8xlarge,Redhat8Oracle,0.1,0.098
r6i.8xlarge,Redhat7Base,0.11,0.108
r6i.8xlarge,Redhat7Oracle,0.12,0.118
r6i.8xlarge,Win2019Base,0.13,0.128
r6i.8xlarge,Win2019Sql,0.14,0.138
r6i.8xlarge,Win2016Base,0.15,0.148
r6i.8xlarge,Win2016Sql,0.16,0.158
r6i.8xlarge,Win2012Rehost,0.17,0.168
r6i.12xlarge,Redhat9Base,0.05,0.048
r6i.12xlarge,Redhat9BaseDB2,0.06,0.058
r6i.12xlarge,Redhat9Oracle,0.07,0.068
r6i.12xlarge,Redhat8Base,0.08,0.078
r6i.12xlarge,Redhat8BaseDB2,0.09,0.088
r6i.12xlarge,Redhat8Oracle,0.1,0.098
r6i.12xlarge,Redhat7Base,0.11,0.108
r6i.12xlarge,Redhat7Oracle,0.12,0.118
r6i.12xlarge,Win2019Base,0.13,0.128
r6i.12xlarge,Win2019Sql,0.14,0.138
r6i.12xlarge,Win2016Base,0.15,0.148
r6i.12xlarge,Win2016Sql,0.16,0.158
r6i.12xlarge,Win2012Rehost,0.17,0.168
r6i.16xlarge,Redhat9Base,0.05,0.048
r6i.16xlarge,Redhat9BaseDB2,0.06,0.058
r6i.16xlarge,Redhat9Oracle,0.07,0.068
r6i.16xlarge,Redhat8Base,0.08,0.078
r6i.16xlarge,Redhat8BaseDB2,0.09,0.088
r6i.16xlarge,Redhat8Oracle,0.1,0.098
r6i.16xlarge,Redhat7Base,0.11,0.108
r6i.16xlarge,Redhat7Oracle,0.12,0.118
r6i.16xlarge,Win2019Base,0.13,0.128
r6i.16xlarge,Win2019Sql,0.14,0.138
r6i.16xlarge,Win2016Base,0.15,0.148
r6i.16xlarge,Win2016Sql,0.16,0.158
r6i.16xlarge,Win2012Rehost,0.17,0.168
r6i.24xlarge,Redhat9Base,0.05,0.048
r6i.24xlarge,Redhat9BaseDB2,0.06,0.058
r6i.24xlarge,Redhat9Oracle,0.07,0.068
r6i.24xlarge,Redhat8Base,0.08,0.078
r6i.24xlarge,Redhat8BaseDB2,0.09,0.088
r6i.24xlarge,Redhat8Oracle,0.1,0.098
r6i.24xlarge,Redhat7Base,0.11,0.108
r6i.24xlarge,Redhat7Oracle,0.12,0.118
r6i.24xlarge,Win2019Base,0.13,0.128
r6i.24xlarge,Win2019Sql,0.14,0.138
r6i.24xlarge,Win2016Base,0.15,0.148
r6i.24xlarge,Win2016Sql,0.16,0.158
r6i.24xlarge,Win2012Rehost,0.17,0.168
r6i.32xlarge,Redhat9Base,0.05,0.048
r6i.32xlarge,Redhat9BaseDB2,0.06,0.058
r6i.32xlarge,Redhat9Oracle,0.07,0.068
r6i.32xlarge,Redhat8Base,0.08,0.078
r6i.32xlarge,Redhat8BaseDB2,0.09,0.088
r6i.32xlarge,Redhat8Oracle,0.1,0.098
r6i.32xlarge,Redhat7Base,0.11,0.108
r6i.32xlarge,Redhat7Oracle,0.12,0.118
r6i.32xlarge,Win2019Base,0.13,0.128
r6i.32xlarge,Win2019Sql,0.14,0.138
r6i.32xlarge,Win2016Base,0.15,0.148
r6i.32xlarge,Win2016Sql,0.16,0.158
r6i.32xlarge,Win2012Rehost,0.17,0.168
r6i.metal,Redhat9Base,0.05,0.048
r6i.metal,Redhat9BaseDB2,0.06,0.058
r6i.metal,Redhat9Oracle,0.07,0.068
r6i.metal,Redhat8Base,0.08,0.078
r6i.metal,Redhat8BaseDB2,0.09,0.088
r6i.metal,Redhat8Oracle,0.1,0.098
r6i.metal,Redhat7Base,0.11,0.108
r6i.metal,Redhat7Oracle,0.12,0.118
r6i.metal,Win2019Base,0.13,0.128
r6i.metal,Win2019Sql,0.14,0.138
r6i.metal,Win2016Base,0.15,0.148
r6i.metal,Win2016Sql,0.16,0.158
r6i.metal,Win2012Rehost,0.17,0.168
r6id.large,Redhat9Base,0.05,0.048
r6id.large,Redhat9BaseDB2,0.06,0.058
r6id.large,Redhat9Oracle,0.07,0.068
r6id.large,Redhat8Base,0.08,0.078
r6id.large,Redhat8BaseDB2,0.09,0.088
r6id.large,Redhat8Oracle,0.1,0.098
r6id.large,Redhat7Base,0.11,0.108
r6id.large,Redhat7Oracle,0.12,0.118
r6id.large,Win2019Base,0.13,0.128
r6id.large,Win2019Sql,0.14,0.138
r6id.large,Win2016Base,0.15,0.148
r6id.large,Win2016Sql,0.16,0.158
r6id.large,Win2012Rehost,0.17,0.168
r6id.xlarge,Redhat9Base,0.05,0.048
r6id.xlarge,Redhat9BaseDB2,0.06,0.058
r6id.xlarge,Redhat9Oracle,0.07,0.068
r6id.xlarge,Redhat8Base,0.08,0.078
r6id.xlarge,Redhat8BaseDB2,0.09,0.088
r6id.xlarge,Redhat8Oracle,0.1,0.098
r6id.xlarge,Redhat7Base,0.11,0.108
r6id.xlarge,Redhat7Oracle,0.12,0.118
r6id.xlarge,Win2019Base,0.13,0.128
r6id.xlarge,Win2019Sql,0.14,0.138
r6id.xlarge,Win2016Base,0.15,0.148
r6id.xlarge,Win2016Sql,0.16,0.158
r6id.xlarge,Win2012Rehost,0.17,0.168
r6id.2xlarge,Redhat9Base,0.05,0.048
r6id.2xlarge,Redhat9BaseDB2,0.06,0.058
r6id.2xlarge,Redhat9Oracle,0.07,0.068
r6id.2xlarge,Redhat8Base,0.08,0.078
r6id.2xlarge,Redhat8BaseDB2,0.09,0.088
r6id.2xlarge,Redhat8Oracle,0.1,0.098
r6id.2xlarge,Redhat7Base,0.11,0.108
r6id.2xlarge,Redhat7Oracle,0.12,0.118
r6id.2xlarge,Win2019Base,0.13,0.128
r6id.2xlarge,Win2019Sql,0.14,0.138
r6id.2xlarge,Win2016Base,0.15,0.148
r6id.2xlarge,Win2016Sql,0.16,0.158
r6id.2xlarge,Win2012Rehost,0.17,0.168
r6id.4xlarge,Redhat9Base,0.05,0.048
r6id.4xlarge,Redhat9BaseDB2,0.06,0.058
r6id.4xlarge,Redhat9Oracle,0.07,0.068
r6id.4xlarge,Redhat8Base,0.08,0.078
r6id.4xlarge,Redhat8BaseDB2,0.09,0.088
r6id.4xlarge,Redhat8Oracle,0.1,0.098
r6id.4xlarge,Redhat7Base,0.11,0.108
r6id.4xlarge,Redhat7Oracle,0.12,0.118
r6id.4xlarge,Win2019Base,0.13,0.128
r6id.4xlarge,Win2019Sql,0.14,0.138
r6id.4xlarge,Win2016Base,0.15,0.148
r6id.4xlarge,Win2016Sql,0.16,0.158
r6id.4xlarge,Win2012Rehost,0.17,0.168
r6id.8xlarge,Redhat9Base,0.05,0.048
r6id.8xlarge,Redhat9BaseDB2,0.06,0.058
r6id.8xlarge,Redhat9Oracle,0.07,0.068
r6id.8xlarge,Redhat8Base,0.08,0.078
r6id.8xlarge,Redhat8BaseDB2,0.09,0.088
r6id.8xlarge,Redhat8Oracle,0.1,0.098
r6id.8xlarge,Redhat7Base,0.11,0.108
r6id.8xlarge,Redhat7Oracle,0.12,0.118
r6id.8xlarge,Win2019Base,0.13,0.128
r6id.8xlarge,Win2019Sql,0.14,0.138
r6id.8xlarge,Win2016Base,0.15,0.148
r6id.8xlarge,Win2016Sql,0.16,0.158
r6id.8xlarge,Win2012Rehost,0.17,0.168
r6id.12xlarge,Redhat9Base,0.05,0.048
r6id.12xlarge,Redhat9BaseDB2,0.06,0.058
r6id.12xlarge,Redhat9Oracle,0.07,0.068
r6id.12xlarge,Redhat8Base,0.08,0.078
r6id.12xlarge,Redhat8BaseDB2,0.09,0.088
r6id.12xlarge,Redhat8Oracle,0.1,0.098
r6id.12xlarge,Redhat7Base,0.11,0.108
r6id.12xlarge,Redhat7Oracle,0.12,0.118
r6id.12xlarge,Win2019Base,0.13,0.128
r6id.12xlarge,Win2019Sql,0.14,0.138
r6id.12xlarge,Win2016Base,0.15,0.148
r6id.12xlarge,Win2016Sql,0.16,0.158
r6id.12xlarge,Win2012Rehost,0.17,0.168
r6id.16xlarge,Redhat9Base,0.05,0.048
r6id.16xlarge,Redhat9BaseDB2,0.06,0.058
r6id.16xlarge,Redhat9Oracle,0.07,0.068
r6id.16xlarge,Redhat8Base,0.08,0.078
r6id.16xlarge,Redhat8BaseDB2,0.09,0.088
r6id.16xlarge,Redhat8Oracle,0.1,0.098
r6id.16xlarge,Redhat7Base,0.11,0.108
r6id.16xlarge,Redhat7Oracle,0.12,0.118
r6id.16xlarge,Win2019Base,0.13,0.128
r6id.16xlarge,Win2019Sql,0.14,0.138
r6id.16xlarge,Win2016Base,0.15,0.148
r6id.16xlarge,Win2016Sql,0.16,0.158
r6id.16xlarge,Win2012Rehost,0.17,0.168
r6id.24xlarge,Redhat9Base,0.05,0.048
r6id.24xlarge,Redhat9BaseDB2,0.06,0.058
r6id.24xlarge,Redhat9Oracle,0.07,0.068
r6id.24xlarge,Redhat8Base,0.08,0.078
r6id.24xlarge,Redhat8BaseDB2,0.09,0.088
r6id.24xlarge,Redhat8Oracle,0.1,0.098
r6id.24xlarge,Redhat7Base,0.11,0.108
r6id.24xlarge,Redhat7Oracle,0.12,0.118
r6id.24xlarge,Win2019Base,0.13,0.128
r6id.24xlarge,Win2019Sql,0.14,0.138
r6id.24xlarge,Win2016Base,0.15,0.148
r6id.24xlarge,Win2016Sql,0.16,0.158
r6id.24xlarge,Win2012Rehost,0.17,0.168
r6id.32xlarge,Redhat9Base,0.05,0.048
r6id.32xlarge,Redhat9BaseDB2,0.06,0.058
r6id.32xlarge,Redhat9Oracle,0.07,0.068
r6id.32xlarge,Redhat8Base,0.08,0.078
r6id.32xlarge,Redhat8BaseDB2,0.09,0.088
r6id.32xlarge,Redhat8Oracle,0.1,0.098
r6id.32xlarge,Redhat7Base,0.11,0.108
r6id.32xlarge,Redhat7Oracle,0.12,0.118
r6id.32xlarge,Win2019Base,0.13,0.128
r6id.32xlarge,Win2019Sql,0.14,0.138
r6id.32xlarge,Win2016Base,0.15,0.148
r6id.32xlarge,Win2016Sql,0.16,0.158
r6id.32xlarge,Win2012Rehost,0.17,0.168
r6id.metal,Redhat9Base,0.05,0.048
r6id.metal,Redhat9BaseDB2,0.06,0.058
r6id.metal,Redhat9Oracle,0.07,0.068
r6id.metal,Redhat8Base,0.08,0.078
r6id.metal,Redhat8BaseDB2,0.09,0.088
r6id.metal,Redhat8Oracle,0.1,0.098
r6id.metal,Redhat7Base,0.11,0.108
r6id.metal,Redhat7Oracle,0.12,0.118
r6id.metal,Win2019Base,0.13,0.128
r6id.metal,Win2019Sql,0.14,0.138
r6id.metal,Win2016Base,0.15,0.148
r6id.metal,Win2016Sql,0.16,0.158
r6id.metal,Win2012Rehost,0.17,0.168
r6in.large,Redhat9Base,0.05,0.048
r6in.large,Redhat9BaseDB2,0.06,0.058
r6in.large,Redhat9Oracle,0.07,0.068
r6in.large,Redhat8Base,0.08,0.078
r6in.large,Redhat8BaseDB2,0.09,0.088
r6in.large,Redhat8Oracle,0.1,0.098
r6in.large,Redhat7Base,0.11,0.108
r6in.large,Redhat7Oracle,0.12,0.118
r6in.large,Win2019Base,0.13,0.128
r6in.large,Win2019Sql,0.14,0.138
r6in.large,Win2016Base,0.15,0.148
r6in.large,Win2016Sql,0.16,0.158
r6in.large,Win2012Rehost,0.17,0.168
r6in.xlarge,Redhat9Base,0.05,0.048
r6in.xlarge,Redhat9BaseDB2,0.06,0.058
r6in.xlarge,Redhat9Oracle,0.07,0.068
r6in.xlarge,Redhat8Base,0.08,0.078
r6in.xlarge,Redhat8BaseDB2,0.09,0.088
r6in.xlarge,Redhat8Oracle,0.1,0.098
r6in.xlarge,Redhat7Base,0.11,0.108
r6in.xlarge,Redhat7Oracle,0.12,0.118
r6in.xlarge,Win2019Base,0.13,0.128
r6in.xlarge,Win2019Sql,0.14,0.138
r6in.xlarge,Win2016Base,0.15,0.148
r6in.xlarge,Win2016Sql,0.16,0.158
r6in.xlarge,Win2012Rehost,0.17,0.168
r6in.2xlarge,Redhat9Base,0.05,0.048
r6in.2xlarge,Redhat9BaseDB2,0.06,0.058
r6in.2xlarge,Redhat9Oracle,0.07,0.068
r6in.2xlarge,Redhat8Base,0.08,0.078
r6in.2xlarge,Redhat8BaseDB2,0.09,0.088
r6in.2xlarge,Redhat8Oracle,0.1,0.098
r6in.2xlarge,Redhat7Base,0.11,0.108
r6in.2xlarge,Redhat7Oracle,0.12,0.118
r6in.2xlarge,Win2019Base,0.13,0.128
r6in.2xlarge,Win2019Sql,0.14,0.138
r6in.2xlarge,Win2016Base,0.15,0.148
r6in.2xlarge,Win2016Sql,0.16,0.158
r6in.2xlarge,Win2012Rehost,0.17,0.168
r6in.4xlarge,Redhat9Base,0.05,0.048
r6in.4xlarge,Redhat9BaseDB2,0.06,0.058
r6in.4xlarge,Redhat9Oracle,0.07,0.068
r6in.4xlarge,Redhat8Base,0.08,0.078
r6in.4xlarge,Redhat8BaseDB2,0.09,0.088
r6in.4xlarge,Redhat8Oracle,0.1,0.098
r6in.4xlarge,Redhat7Base,0.11,0.108
r6in.4xlarge,Redhat7Oracle,0.12,0.118
r6in.4xlarge,Win2019Base,0.13,0.128
r6in.4xlarge,Win2019Sql,0.14,0.138
r6in.4xlarge,Win2016Base,0.15,0.148
r6in.4xlarge,Win2016Sql,0.16,0.158
r6in.4xlarge,Win2012Rehost,0.17,0.168
r6in.8xlarge,Redhat9Base,0.05,0.048
r6in.8xlarge,Redhat9BaseDB2,0.06,0.058
r6in.8xlarge,Redhat9Oracle,0.07,0.068
r6in.8xlarge,Redhat8Base,0.08,0.078
r6in.8xlarge,Redhat8BaseDB2,0.09,0.088
r6in.8xlarge,Redhat8Oracle,0.1,0.098
r6in.8xlarge,Redhat7Base,0.11,0.108
r6in.8xlarge,Redhat7Oracle,0.12,0.118
r6in.8xlarge,Win2019Base,0.13,0.128
r6in.8xlarge,Win2019Sql,0.14,0.138
r6in.8xlarge,Win2016Base,0.15,0.148
r6in.8xlarge,Win2016Sql,0.16,0.158
r6in.8xlarge,Win2012Rehost,0.17,0.168
r6in.12xlarge,Redhat9Base,0.05,0.048
r6in.12xlarge,Redhat9BaseDB2,0.06,0.058
r6in.12xlarge,Redhat9Oracle,0.07,0.068
r6in.12xlarge,Redhat8Base,0.08,0.078
r6in.12xlarge,Redhat8BaseDB2,0.09,0.088
r6in.12xlarge,Redhat8Oracle,0.1,0.098
r6in.12xlarge,Redhat7Base,0.11,0.108
r6in.12xlarge,Redhat7Oracle,0.12,0.118
r6in.12xlarge,Win2019Base,0.13,0.128
r6in.12xlarge,Win2019Sql,0.14,0.138
r6in.12xlarge,Win2016Base,0.15,0.148
r6in.12xlarge,Win2016Sql,0.16,0.158
r6in.12xlarge,Win2012Rehost,0.17,0.168
r6in.16xlarge,Redhat9Base,0.05,0.048
r6in.16xlarge,Redhat9BaseDB2,0.06,0.058
r6in.16xlarge,Redhat9Oracle,0.07,0.068
r6in.16xlarge,Redhat8Base,0.08,0.078
r6in.16xlarge,Redhat8BaseDB2,0.09,0.088
r6in.16xlarge,Redhat8Oracle,0.1,0.098
r6in.16xlarge,Redhat7Base,0.11,0.108
r6in.16xlarge,Redhat7Oracle,0.12,0.118
r6in.16xlarge,Win2019Base,0.13,0.128
r6in.16xlarge,Win2019Sql,0.14,0.138
r6in.16xlarge,Win2016Base,0.15,0.148
r6in.16xlarge,Win2016Sql,0.16,0.158
r6in.16xlarge,Win2012Rehost,0.17,0.168
r6in.24xlarge,Redhat9Base,0.05,0.048
r6in.24xlarge,Redhat9BaseDB2,0.06,0.058
r6in.24xlarge,Redhat9Oracle,0.07,0.068
r6in.24xlarge,Redhat8Base,0.08,0.078
r6in.24xlarge,Redhat8BaseDB2,0.09,0.088
r6in.24xlarge,Redhat8Oracle,0.1,0.098
r6in.24xlarge,Redhat7Base,0.11,0.108
r6in.24xlarge,Redhat7Oracle,0.12,0.118
r6in.24xlarge,Win2019Base,0.13,0.128
r6in.24xlarge,Win2019Sql,0.14,0.138
r6in.24xlarge,Win2016Base,0.15,0.148
r6in.24xlarge,Win2016Sql,0.16,0.158
r6in.24xlarge,Win2012Rehost,0.17,0.168
r6in.32xlarge,Redhat9Base,0.05,0.048
r6in.32xlarge,Redhat9BaseDB2,0.06,0.058
r6in.32xlarge,Redhat9Oracle,0.07,0.068
r6in.32xlarge,Redhat8Base,0.08,0.078
r6in.32xlarge,Redhat8BaseDB2,0.09,0.088
r6in.32xlarge,Redhat8Oracle,0.1,0.098
r6in.32xlarge,Redhat7Base,0.11,0.108
r6in.32xlarge,Redhat7Oracle,0.12,0.118
r6in.32xlarge,Win2019Base,0.13,0.128
r6in.32xlarge,Win2019Sql,0.14,0.138
r6in.32xlarge,Win2016Base,0.15,0.148
r6in.32xlarge,Win2016Sql,0.16,0.158
r6in.32xlarge,Win2012Rehost,0.17,0.168
r6in.metal,Redhat9Base,0.05,0.048
r6in.metal,Redhat9BaseDB2,0.06,0.058
r6in.metal,Redhat9Oracle,0.07,0.068
r6in.metal,Redhat8Base,0.08,0.078
r6in.metal,Redhat8BaseDB2,0.09,0.088
r6in.metal,Redhat8Oracle,0.1,0.098
r6in.metal,Redhat7Base,0.11,0.108
r6in.metal,Redhat7Oracle,0.12,0.118
r6in.metal,Win2019Base,0.13,0.128
r6in.metal,Win2019Sql,0.14,0.138
r6in.metal,Win2016Base,0.15,0.148
r6in.metal,Win2016Sql,0.16,0.158
r6in.metal,Win2012Rehost,0.17,0.168
r6a.large,Redhat9Base,0.05,0.048
r6a.large,Redhat9BaseDB2,0.06,0.058
r6a.large,Redhat9Oracle,0.07,0.068
r6a.large,Redhat8Base,0.08,0.078
r6a.large,Redhat8BaseDB2,0.09,0.088
r6a.large,Redhat8Oracle,0.1,0.098
r6a.large,Redhat7Base,0.11,0.108
r6a.large,Redhat7Oracle,0.12,0.118
r6a.large,Win2019Base,0.13,0.128
r6a.large,Win2019Sql,0.14,0.138
r6a.large,Win2016Base,0.15,0.148
r6a.large,Win2016Sql,0.16,0.158
r6a.large,Win2012Rehost,0.17,0.168
r6a.xlarge,Redhat9Base,0.05,0.048
r6a.xlarge,Redhat9BaseDB2,0.06,0.058
r6a.xlarge,Redhat9Oracle,0.07,0.068
r6a.xlarge,Redhat8Base,0.08,0.078
r6a.xlarge,Redhat8BaseDB2,0.09,0.088
r6a.xlarge,Redhat8Oracle,0.1,0.098
r6a.xlarge,Redhat7Base,0.11,0.108
r6a.xlarge,Redhat7Oracle,0.12,0.118
r6a.xlarge,Win2019Base,0.13,0.128
r6a.xlarge,Win2019Sql,0.14,0.138
r6a.xlarge,Win2016Base,0.15,0.148
r6a.xlarge,Win2016Sql,0.16,0.158
r6a.xlarge,Win2012Rehost,0.17,0.168
r6a.2xlarge,Redhat9Base,0.05,0.048
r6a.2xlarge,Redhat9BaseDB2,0.06,0.058
r6a.2xlarge,Redhat9Oracle,0.07,0.068
r6a.2xlarge,Redhat8Base,0.08,0.078
r6a.2xlarge,Redhat8BaseDB2,0.09,0.088
r6a.2xlarge,Redhat8Oracle,0.1,0.098
r6a.2xlarge,Redhat7Base,0.11,0.108
r6a.2xlarge,Redhat7Oracle,0.12,0.118
r6a.2xlarge,Win2019Base,0.13,0.128
r6a.2xlarge,Win2019Sql,0.14,0.138
r6a.2xlarge,Win2016Base,0.15,0.148
r6a.2xlarge,Win2016Sql,0.16,0.158
r6a.2xlarge,Win2012Rehost,0.17,0.168
r6a.4xlarge,Redhat9Base,0.05,0.048
r6a.4xlarge,Redhat9BaseDB2,0.06,0.058
r6a.4xlarge,Redhat9Oracle,0.07,0.068
r6a.4xlarge,Redhat8Base,0.08,0.078
r6a.4xlarge,Redhat8BaseDB2,0.09,0.088
r6a.4xlarge,Redhat8Oracle,0.1,0.098
r6a.4xlarge,Redhat7Base,0.11,0.108
r6a.4xlarge,Redhat7Oracle,0.12,0.118
r6a.4xlarge,Win2019Base,0.13,0.128
r6a.4xlarge,Win2019Sql,0.14,0.138
r6a.4xlarge,Win2016Base,0.15,0.148
r6a.4xlarge,Win2016Sql,0.16,0.158
r6a.4xlarge,Win2012Rehost,0.17,0.168
r6a.8xlarge,Redhat9Base,0.05,0.048
r6a.8xlarge,Redhat9BaseDB2,0.06,0.058
r6a.8xlarge,Redhat9Oracle,0.07,0.068
r6a.8xlarge,Redhat8Base,0.08,0.078
r6a.8xlarge,Redhat8BaseDB2,0.09,0.088
r6a.8xlarge,Redhat8Oracle,0.1,0.098
r6a.8xlarge,Redhat7Base,0.11,0.108
r6a.8xlarge,Redhat7Oracle,0.12,0.118
r6a.8xlarge,Win2019Base,0.13,0.128
r6a.8xlarge,Win2019Sql,0.14,0.138
r6a.8xlarge,Win2016Base,0.15,0.148
r6a.8xlarge,Win2016Sql,0.16,0.158
r6a.8xlarge,Win2012Rehost,0.17,0.168
r6a.12xlarge,Redhat9Base,0.05,0.048
r6a.12xlarge,Redhat9BaseDB2,0.06,0.058
r6a.12xlarge,Redhat9Oracle,0.07,0.068
r6a.12xlarge,Redhat8Base,0.08,0.078
r6a.12xlarge,Redhat8BaseDB2,0.09,0.088
r6a.12xlarge,Redhat8Oracle,0.1,0.098
r6a.12xlarge,Redhat7Base,0.11,0.108
r6a.12xlarge,Redhat7Oracle,0.12,0.118
r6a.12xlarge,Win2019Base,0.13,0.128
r6a.12xlarge,Win2019Sql,0.14,0.138
r6a.12xlarge,Win2016Base,0.15,0.148
r6a.12xlarge,Win2016Sql,0.16,0.158
r6a.12xlarge,Win2012Rehost,0.17,0.168
r6a.16xlarge,Redhat9Base,0.05,0.048
r6a.16xlarge,Redhat9BaseDB2,0.06,0.058
r6a.16xlarge,Redhat9Oracle,0.07,0.068
r6a.16xlarge,Redhat8Base,0.08,0.078
r6a.16xlarge,Redhat8BaseDB2,0.09,0.088
r6a.16xlarge,Redhat8Oracle,0.1,0.098
r6a.16xlarge,Redhat7Base,0.11,0.108
r6a.16xlarge,Redhat7Oracle,0.12,0.118
r6a.16xlarge,Win2019Base,0.13,0.128
r6a.16xlarge,Win2019Sql,0.14,0.138
r6a.16xlarge,Win2016Base,0.15,0.148
r6a.16xlarge,Win2016Sql,0.16,0.158
r6a.16xlarge,Win2012Rehost,0.17,0.168
r6a.24xlarge,Redhat9Base,0.05,0.048
r6a.24xlarge,Redhat9BaseDB2,0.06,0.058
r6a.24xlarge,Redhat9Oracle,0.07,0.068
r6a.24xlarge,Redhat8Base,0.08,0.078
r6a.24xlarge,Redhat8BaseDB2,0.09,0.088
r6a.24xlarge,Redhat8Oracle,0.1,0.098
r6a.24xlarge,Redhat7Base,0.11,0.108
r6a.24xlarge,Redhat7Oracle,0.12,0.118
r6a.24xlarge,Win2019Base,0.13,0.128
r6a.24xlarge,Win2019Sql,0.14,0.138
r6a.24xlarge,Win2016Base,0.15,0.148
r6a.24xlarge,Win2016Sql,0.16,0.158
r6a.24xlarge,Win2012Rehost,0.17,0.168
r6a.32xlarge,Redhat9Base,0.05,0.048
r6a.32xlarge,Redhat9BaseDB2,0.06,0.058
r6a.32xlarge,Redhat9Oracle,0.07,0.068
r6a.32xlarge,Redhat8Base,0.08,0.078
r6a.32xlarge,Redhat8BaseDB2,0.09,0.088
r6a.32xlarge,Redhat8Oracle,0.1,0.098
r6a.32xlarge,Redhat7Base,0.11,0.108
r6a.32xlarge,Redhat7Oracle,0.12,0.118
r6a.32xlarge,Win2019Base,0.13,0.128
r6a.32xlarge,Win2019Sql,0.14,0.138
r6a.32xlarge,Win2016Base,0.15,0.148
r6a.32xlarge,Win2016Sql,0.16,0.158
r6a.32xlarge,Win2012Rehost,0.17,0.168
r6a.48xlarge,Redhat9Base,0.05,0.048
r6a.48xlarge,Redhat9BaseDB2,0.06,0.058
r6a.48xlarge,Redhat9Oracle,0.07,0.068
r6a.48xlarge,Redhat8Base,0.08,0.078
r6a.48xlarge,Redhat8BaseDB2,0.09,0.088
r6a.48xlarge,Redhat8Oracle,0.1,0.098
r6a.48xlarge,Redhat7Base,0.11,0.108
r6a.48xlarge,Redhat7Oracle,0.12,0.118
r6a.48xlarge,Win2019Base,0.13,0.128
r6a.48xlarge,Win2019Sql,0.14,0.138
r6a.48xlarge,Win2016Base,0.15,0.148
r6a.48xlarge,Win2016Sql,0.16,0.158
r6a.48xlarge,Win2012Rehost,0.17,0.168
r6a.metal,Redhat9Base,0.05,0.048
r6a.metal,Redhat9BaseDB2,0.06,0.058
r6a.metal,Redhat9Oracle,0.07,0.068
r6a.metal,Redhat8Base,0.08,0.078
r6a.metal,Redhat8BaseDB2,0.09,0.088
r6a.metal,Redhat8Oracle,0.1,0.098
r6a.metal,Redhat7Base,0.11,0.108
r6a.metal,Redhat7Oracle,0.12,0.118
r6a.metal,Win2019Base,0.13,0.128
r6a.metal,Win2019Sql,0.14,0.138
r6a.metal,Win2016Base,0.15,0.148
r6a.metal,Win2016Sql,0.16,0.158
r6a.metal,Win2012Rehost,0.17,0.168
r5.xlarge,Redhat9Base,0.05,0.048
r5.xlarge,Redhat9BaseDB2,0.06,0.058
r5.xlarge,Redhat9Oracle,0.07,0.068
r5.xlarge,Redhat8Base,0.08,0.078
r5.xlarge,Redhat8BaseDB2,0.09,0.088
r5.xlarge,Redhat8Oracle,0.1,0.098
r5.xlarge,Redhat7Base,0.11,0.108
r5.xlarge,Redhat7Oracle,0.12,0.118
r5.xlarge,Win2019Base,0.13,0.128
r5.xlarge,Win2019Sql,0.14,0.138
r5.xlarge,Win2016Base,0.15,0.148
r5.xlarge,Win2016Sql,0.16,0.158
r5.xlarge,Win2012Rehost,0.17,0.168
r5.2xlarge,Redhat9Base,0.05,0.048
r5.2xlarge,Redhat9BaseDB2,0.06,0.058
r5.2xlarge,Redhat9Oracle,0.07,0.068
r5.2xlarge,Redhat8Base,0.08,0.078
r5.2xlarge,Redhat8BaseDB2,0.09,0.088
r5.2xlarge,Redhat8Oracle,0.1,0.098
r5.2xlarge,Redhat7Base,0.11,0.108
r5.2xlarge,Redhat7Oracle,0.12,0.118
r5.2xlarge,Win2019Base,0.13,0.128
r5.2xlarge,Win2019Sql,0.14,0.138
r5.2xlarge,Win2016Base,0.15,0.148
r5.2xlarge,Win2016Sql,0.16,0.158
r5.2xlarge,Win2012Rehost,0.17,0.168
m7i.large,Redhat9Base,0.05,0.048
m7i.large,Redhat9BaseDB2,0.06,0.058
m7i.large,Redhat9Oracle,0.07,0.068
m7i.large,Redhat8Base,0.08,0.078
m7i.large,Redhat8BaseDB2,0.09,0.088
m7i.large,Redhat8Oracle,0.1,0.098
m7i.large,Redhat7Base,0.11,0.108
m7i.large,Redhat7Oracle,0.12,0.118
m7i.large,Win2019Base,0.13,0.128
m7i.large,Win2019Sql,0.14,0.138
m7i.large,Win2016Base,0.15,0.148
m7i.large,Win2016Sql,0.16,0.158
m7i.large,Win2012Rehost,0.17,0.168
m7i.xlarge,Redhat9Base,0.05,0.048
m7i.xlarge,Redhat9BaseDB2,0.06,0.058
m7i.xlarge,Redhat9Oracle,0.07,0.068
m7i.xlarge,Redhat8Base,0.08,0.078
m7i.xlarge,Redhat8BaseDB2,0.09,0.088
m7i.xlarge,Redhat8Oracle,0.1,0.098
m7i.xlarge,Redhat7Base,0.11,0.108
m7i.xlarge,Redhat7Oracle,0.12,0.118
m7i.xlarge,Win2019Base,0.13,0.128
m7i.xlarge,Win2019Sql,0.14,0.138
m7i.xlarge,Win2016Base,0.15,0.148
m7i.xlarge,Win2016Sql,0.16,0.158
m7i.xlarge,Win2012Rehost,0.17,0.168
m7i.2xlarge,Redhat9Base,0.05,0.048
m7i.2xlarge,Redhat9BaseDB2,0.06,0.058
m7i.2xlarge,Redhat9Oracle,0.07,0.068
m7i.2xlarge,Redhat8Base,0.08,0.078
m7i.2xlarge,Redhat8BaseDB2,0.09,0.088
m7i.2xlarge,Redhat8Oracle,0.1,0.098
m7i.2xlarge,Redhat7Base,0.11,0.108
m7i.2xlarge,Redhat7Oracle,0.12,0.118
m7i.2xlarge,Win2019Base,0.13,0.128
m7i.2xlarge,Win2019Sql,0.14,0.138
m7i.2xlarge,Win2016Base,0.15,0.148
m7i.2xlarge,Win2016Sql,0.16,0.158
m7i.2xlarge,Win2012Rehost,0.17,0.168
m7i.4xlarge,Redhat9Base,0.05,0.048
m7i.4xlarge,Redhat9BaseDB2,0.06,0.058
m7i.4xlarge,Redhat9Oracle,0.07,0.068
m7i.4xlarge,Redhat8Base,0.08,0.078
m7i.4xlarge,Redhat8BaseDB2,0.09,0.088
m7i.4xlarge,Redhat8Oracle,0.1,0.098
m7i.4xlarge,Redhat7Base,0.11,0.108
m7i.4xlarge,Redhat7Oracle,0.12,0.118
m7i.4xlarge,Win2019Base,0.13,0.128
m7i.4xlarge,Win2019Sql,0.14,0.138
m7i.4xlarge,Win2016Base,0.15,0.148
m7i.4xlarge,Win2016Sql,0.16,0.158
m7i.4xlarge,Win2012Rehost,0.17,0.168
m7i.8xlarge,Redhat9Base,0.05,0.048
m7i.8xlarge,Redhat9BaseDB2,0.06,0.058
m7i.8xlarge,Redhat9Oracle,0.07,0.068
m7i.8xlarge,Redhat8Base,0.08,0.078
m7i.8xlarge,Redhat8BaseDB2,0.09,0.088
m7i.8xlarge,Redhat8Oracle,0.1,0.098
m7i.8xlarge,Redhat7Base,0.11,0.108
m7i.8xlarge,Redhat7Oracle,0.12,0.118
m7i.8xlarge,Win2019Base,0.13,0.128
m7i.8xlarge,Win2019Sql,0.14,0.138
m7i.8xlarge,Win2016Base,0.15,0.148
m7i.8xlarge,Win2016Sql,0.16,0.158
m7i.8xlarge,Win2012Rehost,0.17,0.168
m7i.12xlarge,Redhat9Base,0.05,0.048
m7i.12xlarge,Redhat9BaseDB2,0.06,0.058
m7i.12xlarge,Redhat9Oracle,0.07,0.068
m7i.12xlarge,Redhat8Base,0.08,0.078
m7i.12xlarge,Redhat8BaseDB2,0.09,0.088
m7i.12xlarge,Redhat8Oracle,0.1,0.098
m7i.12xlarge,Redhat7Base,0.11,0.108
m7i.12xlarge,Redhat7Oracle,0.12,0.118
m7i.12xlarge,Win2019Base,0.13,0.128
m7i.12xlarge,Win2019Sql,0.14,0.138
m7i.12xlarge,Win2016Base,0.15,0.148
m7i.12xlarge,Win2016Sql,0.16,0.158
m7i.12xlarge,Win2012Rehost,0.17,0.168
m7i.16xlarge,Redhat9Base,0.05,0.048
m7i.16xlarge,Redhat9BaseDB2,0.06,0.058
m7i.16xlarge,Redhat9Oracle,0.07,0.068
m7i.16xlarge,Redhat8Base,0.08,0.078
m7i.16xlarge,Redhat8BaseDB2,0.09,0.088
m7i.16xlarge,Redhat8Oracle,0.1,0.098
m7i.16xlarge,Redhat7Base,0.11,0.108
m7i.16xlarge,Redhat7Oracle,0.12,0.118
m7i.16xlarge,Win2019Base,0.13,0.128
m7i.16xlarge,Win2019Sql,0.14,0.138
m7i.16xlarge,Win2016Base,0.15,0.148
m7i.16xlarge,Win2016Sql,0.16,0.158
m7i.16xlarge,Win2012Rehost,0.17,0.168
m7i.24xlarge,Redhat9Base,0.05,0.048
m7i.24xlarge,Redhat9BaseDB2,0.06,0.058
m7i.24xlarge,Redhat9Oracle,0.07,0.068
m7i.24xlarge,Redhat8Base,0.08,0.078
m7i.24xlarge,Redhat8BaseDB2,0.09,0.088
m7i.24xlarge,Redhat8Oracle,0.1,0.098
m7i.24xlarge,Redhat7Base,0.11,0.108
m7i.24xlarge,Redhat7Oracle,0.12,0.118
m7i.24xlarge,Win2019Base,0.13,0.128
m7i.24xlarge,Win2019Sql,0.14,0.138
m7i.24xlarge,Win2016Base,0.15,0.148
m7i.24xlarge,Win2016Sql,0.16,0.158
m7i.24xlarge,Win2012Rehost,0.17,0.168
m7i.48xlarge,Redhat9Base,0.05,0.048
m7i.48xlarge,Redhat9BaseDB2,0.06,0.058
m7i.48xlarge,Redhat9Oracle,0.07,0.068
m7i.48xlarge,Redhat8Base,0.08,0.078
m7i.48xlarge,Redhat8BaseDB2,0.09,0.088
m7i.48xlarge,Redhat8Oracle,0.1,0.098
m7i.48xlarge,Redhat7Base,0.11,0.108
m7i.48xlarge,Redhat7Oracle,0.12,0.118
m7i.48xlarge,Win2019Base,0.13,0.128
m7i.48xlarge,Win2019Sql,0.14,0.138
m7i.48xlarge,Win2016Base,0.15,0.148
m7i.48xlarge,Win2016Sql,0.16,0.158
m7i.48xlarge,Win2012Rehost,0.17,0.168
m7i.metal-24xl,Redhat9Base,0.05,0.048
m7i.metal-24xl,Redhat9BaseDB2,0.06,0.058
m7i.metal-24xl,Redhat9Oracle,0.07,0.068
m7i.metal-24xl,Redhat8Base,0.08,0.078
m7i.metal-24xl,Redhat8BaseDB2,0.09,0.088
m7i.metal-24xl,Redhat8Oracle,0.1,0.098
m7i.metal-24xl,Redhat7Base,0.11,0.108
m7i.metal-24xl,Redhat7Oracle,0.12,0.118
m7i.metal-24xl,Win2019Base,0.13,0.128
m7i.metal-24xl,Win2019Sql,0.14,0.138
m7i.metal-24xl,Win2016Base,0.15,0.148
m7i.metal-24xl,Win2016Sql,0.16,0.158
m7i.metal-24xl,Win2012Rehost,0.17,0.168
m7i.metal-48xl,Redhat9Base,0.05,0.048
m7i.metal-48xl,Redhat9BaseDB2,0.06,0.058
m7i.metal-48xl,Redhat9Oracle,0.07,0.068
m7i.metal-48xl,Redhat8Base,0.08,0.078
m7i.metal-48xl,Redhat8BaseDB2,0.09,0.088
m7i.metal-48xl,Redhat8Oracle,0.1,0.098
m7i.metal-48xl,Redhat7Base,0.11,0.108
m7i.metal-48xl,Redhat7Oracle,0.12,0.118
m7i.metal-48xl,Win2019Base,0.13,0.128
m7i.metal-48xl,Win2019Sql,0.14,0.138
m7i.metal-48xl,Win2016Base,0.15,0.148
m7i.metal-48xl,Win2016Sql,0.16,0.158
m7i.metal-48xl,Win2012Rehost,0.17,0.168
m7i-flex.large,Redhat9Base,0.05,0.048
m7i-flex.large,Redhat9BaseDB2,0.06,0.058
m7i-flex.large,Redhat9Oracle,0.07,0.068
m7i-flex.large,Redhat8Base,0.08,0.078
m7i-flex.large,Redhat8BaseDB2,0.09,0.088
m7i-flex.large,Redhat8Oracle,0.1,0.098
m7i-flex.large,Redhat7Base,0.11,0.108
m7i-flex.large,Redhat7Oracle,0.12,0.118
m7i-flex.large,Win2019Base,0.13,0.128
m7i-flex.large,Win2019Sql,0.14,0.138
m7i-flex.large,Win2016Base,0.15,0.148
m7i-flex.large,Win2016Sql,0.16,0.158
m7i-flex.large,Win2012Rehost,0.17,0.168
m7i-flex.xlarge,Redhat9Base,0.05,0.048
m7i-flex.xlarge,Redhat9BaseDB2,0.06,0.058
m7i-flex.xlarge,Redhat9Oracle,0.07,0.068
m7i-flex.xlarge,Redhat8Base,0.08,0.078
m7i-flex.xlarge,Redhat8BaseDB2,0.09,0.088
m7i-flex.xlarge,Redhat8Oracle,0.1,0.098
m7i-flex.xlarge,Redhat7Base,0.11,0.108
m7i-flex.xlarge,Redhat7Oracle,0.12,0.118
m7i-flex.xlarge,Win2019Base,0.13,0.128
m7i-flex.xlarge,Win2019Sql,0.14,0.138
m7i-flex.xlarge,Win2016Base,0.15,0.148
m7i-flex.xlarge,Win2016Sql,0.16,0.158
m7i-flex.xlarge,Win2012Rehost,0.17,0.168
m7i-flex.2xlarge,Redhat9Base,0.05,0.048
m7i-flex.2xlarge,Redhat9BaseDB2,0.06,0.058
m7i-flex.2xlarge,Redhat9Oracle,0.07,0.068
m7i-flex.2xlarge,Redhat8Base,0.08,0.078
m7i-flex.2xlarge,Redhat8BaseDB2,0.09,0.088
m7i-flex.2xlarge,Redhat8Oracle,0.1,0.098
m7i-flex.2xlarge,Redhat7Base,0.11,0.108
m7i-flex.2xlarge,Redhat7Oracle,0.12,0.118
m7i-flex.2xlarge,Win2019Base,0.13,0.128
m7i-flex.2xlarge,Win2019Sql,0.14,0.138
m7i-flex.2xlarge,Win2016Base,0.15,0.148
m7i-flex.2xlarge,Win2016Sql,0.16,0.158
m7i-flex.2xlarge,Win2012Rehost,0.17,0.168
m7i-flex.4xlarge,Redhat9Base,0.05,0.048
m7i-flex.4xlarge,Redhat9BaseDB2,0.06,0.058
m7i-flex.4xlarge,Redhat9Oracle,0.07,0.068
m7i-flex.4xlarge,Redhat8Base,0.08,0.078
m7i-flex.4xlarge,Redhat8BaseDB2,0.09,0.088
m7i-flex.4xlarge,Redhat8Oracle,0.1,0.098
m7i-flex.4xlarge,Redhat7Base,0.11,0.108
m7i-flex.4xlarge,Redhat7Oracle,0.12,0.118
m7i-flex.4xlarge,Win2019Base,0.13,0.128
m7i-flex.4xlarge,Win2019Sql,0.14,0.138
m7i-flex.4xlarge,Win2016Base,0.15,0.148
m7i-flex.4xlarge,Win2016Sql,0.16,0.158
m7i-flex.4xlarge,Win2012Rehost,0.17,0.168
m7i-flex.8xlarge,Redhat9Base,0.05,0.048
m7i-flex.8xlarge,Redhat9BaseDB2,0.06,0.058
m7i-flex.8xlarge,Redhat9Oracle,0.07,0.068
m7i-flex.8xlarge,Redhat8Base,0.08,0.078
m7i-flex.8xlarge,Redhat8BaseDB2,0.09,0.088
m7i-flex.8xlarge,Redhat8Oracle,0.1,0.098
m7i-flex.8xlarge,Redhat7Base,0.11,0.108
m7i-flex.8xlarge,Redhat7Oracle,0.12,0.118
m7i-flex.8xlarge,Win2019Base,0.13,0.128
m7i-flex.8xlarge,Win2019Sql,0.14,0.138
m7i-flex.8xlarge,Win2016Base,0.15,0.148
m7i-flex.8xlarge,Win2016Sql,0.16,0.158
m7i-flex.8xlarge,Win2012Rehost,0.17,0.168
m7a.medium,Redhat9Base,0.05,0.048
m7a.medium,Redhat9BaseDB2,0.06,0.058
m7a.medium,Redhat9Oracle,0.07,0.068
m7a.medium,Redhat8Base,0.08,0.078
m7a.medium,Redhat8BaseDB2,0.09,0.088
m7a.medium,Redhat8Oracle,0.1,0.098
m7a.medium,Redhat7Base,0.11,0.108
m7a.medium,Redhat7Oracle,0.12,0.118
m7a.medium,Win2019Base,0.13,0.128
m7a.medium,Win2019Sql,0.14,0.138
m7a.medium,Win2016Base,0.15,0.148
m7a.medium,Win2016Sql,0.16,0.158
m7a.medium,Win2012Rehost,0.17,0.168
m7a.large,Redhat9Base,0.05,0.048
m7a.large,Redhat9BaseDB2,0.06,0.058
m7a.large,Redhat9Oracle,0.07,0.068
m7a.large,Redhat8Base,0.08,0.078
m7a.large,Redhat8BaseDB2,0.09,0.088
m7a.large,Redhat8Oracle,0.1,0.098
m7a.large,Redhat7Base,0.11,0.108
m7a.large,Redhat7Oracle,0.12,0.118
m7a.large,Win2019Base,0.13,0.128
m7a.large,Win2019Sql,0.14,0.138
m7a.large,Win2016Base,0.15,0.148
m7a.large,Win2016Sql,0.16,0.158
m7a.large,Win2012Rehost,0.17,0.168
m7a.xlarge,Redhat9Base,0.05,0.048
m7a.xlarge,Redhat9BaseDB2,0.06,0.058
m7a.xlarge,Redhat9Oracle,0.07,0.068
m7a.xlarge,Redhat8Base,0.08,0.078
m7a.xlarge,Redhat8BaseDB2,0.09,0.088
m7a.xlarge,Redhat8Oracle,0.1,0.098
m7a.xlarge,Redhat7Base,0.11,0.108
m7a.xlarge,Redhat7Oracle,0.12,0.118
m7a.xlarge,Win2019Base,0.13,0.128
m7a.xlarge,Win2019Sql,0.14,0.138
m7a.xlarge,Win2016Base,0.15,0.148
m7a.xlarge,Win2016Sql,0.16,0.158
m7a.xlarge,Win2012Rehost,0.17,0.168
m7a.2xlarge,Redhat9Base,0.05,0.048
m7a.2xlarge,Redhat9BaseDB2,0.06,0.058
m7a.2xlarge,Redhat9Oracle,0.07,0.068
m7a.2xlarge,Redhat8Base,0.08,0.078
m7a.2xlarge,Redhat8BaseDB2,0.09,0.088
m7a.2xlarge,Redhat8Oracle,0.1,0.098
m7a.2xlarge,Redhat7Base,0.11,0.108
m7a.2xlarge,Redhat7Oracle,0.12,0.118
m7a.2xlarge,Win2019Base,0.13,0.128
m7a.2xlarge,Win2019Sql,0.14,0.138
m7a.2xlarge,Win2016Base,0.15,0.148
m7a.2xlarge,Win2016Sql,0.16,0.158
m7a.2xlarge,Win2012Rehost,0.17,0.168
m7a.4xlarge,Redhat9Base,0.05,0.048
m7a.4xlarge,Redhat9BaseDB2,0.06,0.058
m7a.4xlarge,Redhat9Oracle,0.07,0.068
m7a.4xlarge,Redhat8Base,0.08,0.078
m7a.4xlarge,Redhat8BaseDB2,0.09,0.088
m7a.4xlarge,Redhat8Oracle,0.1,0.098
m7a.4xlarge,Redhat7Base,0.11,0.108
m7a.4xlarge,Redhat7Oracle,0.12,0.118
m7a.4xlarge,Win2019Base,0.13,0.128
m7a.4xlarge,Win2019Sql,0.14,0.138
m7a.4xlarge,Win2016Base,0.15,0.148
m7a.4xlarge,Win2016Sql,0.16,0.158
m7a.4xlarge,Win2012Rehost,0.17,0.168
m7a.8xlarge,Redhat9Base,0.05,0.048
m7a.8xlarge,Redhat9BaseDB2,0.06,0.058
m7a.8xlarge,Redhat9Oracle,0.07,0.068
m7a.8xlarge,Redhat8Base,0.08,0.078
m7a.8xlarge,Redhat8BaseDB2,0.09,0.088
m7a.8xlarge,Redhat8Oracle,0.1,0.098
m7a.8xlarge,Redhat7Base,0.11,0.108
m7a.8xlarge,Redhat7Oracle,0.12,0.118
m7a.8xlarge,Win2019Base,0.13,0.128
m7a.8xlarge,Win2019Sql,0.14,0.138
m7a.8xlarge,Win2016Base,0.15,0.148
m7a.8xlarge,Win2016Sql,0.16,0.158
m7a.8xlarge,Win2012Rehost,0.17,0.168
m7a.12xlarge,Redhat9Base,0.05,0.048
m7a.12xlarge,Redhat9BaseDB2,0.06,0.058
m7a.12xlarge,Redhat9Oracle,0.07,0.068
m7a.12xlarge,Redhat8Base,0.08,0.078
m7a.12xlarge,Redhat8BaseDB2,0.09,0.088
m7a.12xlarge,Redhat8Oracle,0.1,0.098
m7a.12xlarge,Redhat7Base,0.11,0.108
m7a.12xlarge,Redhat7Oracle,0.12,0.118
m7a.12xlarge,Win2019Base,0.13,0.128
m7a.12xlarge,Win2019Sql,0.14,0.138
m7a.12xlarge,Win2016Base,0.15,0.148
m7a.12xlarge,Win2016Sql,0.16,0.158
m7a.12xlarge,Win2012Rehost,0.17,0.168
m7a.16xlarge,Redhat9Base,0.05,0.048
m7a.16xlarge,Redhat9BaseDB2,0.06,0.058
m7a.16xlarge,Redhat9Oracle,0.07,0.068
m7a.16xlarge,Redhat8Base,0.08,0.078
m7a.16xlarge,Redhat8BaseDB2,0.09,0.088
m7a.16xlarge,Redhat8Oracle,0.1,0.098
m7a.16xlarge,Redhat7Base,0.11,0.108
m7a.16xlarge,Redhat7Oracle,0.12,0.118
m7a.16xlarge,Win2019Base,0.13,0.128
m7a.16xlarge,Win2019Sql,0.14,0.138
m7a.16xlarge,Win2016Base,0.15,0.148
m7a.16xlarge,Win2016Sql,0.16,0.158
m7a.16xlarge,Win2012Rehost,0.17,0.168
m7a.24xlarge,Redhat9Base,0.05,0.048
m7a.24xlarge,Redhat9BaseDB2,0.06,0.058
m7a.24xlarge,Redhat9Oracle,0.07,0.068
m7a.24xlarge,Redhat8Base,0.08,0.078
m7a.24xlarge,Redhat8BaseDB2,0.09,0.088
m7a.24xlarge,Redhat8Oracle,0.1,0.098
m7a.24xlarge,Redhat7Base,0.11,0.108
m7a.24xlarge,Redhat7Oracle,0.12,0.118
m7a.24xlarge,Win2019Base,0.13,0.128
m7a.24xlarge,Win2019Sql,0.14,0.138
m7a.24xlarge,Win2016Base,0.15,0.148
m7a.24xlarge,Win2016Sql,0.16,0.158
m7a.24xlarge,Win2012Rehost,0.17,0.168
m7a.32xlarge,Redhat9Base,0.05,0.048
m7a.32xlarge,Redhat9BaseDB2,0.06,0.058
m7a.32xlarge,Redhat9Oracle,0.07,0.068
m7a.32xlarge,Redhat8Base,0.08,0.078
m7a.32xlarge,Redhat8BaseDB2,0.09,0.088
m7a.32xlarge,Redhat8Oracle,0.1,0.098
m7a.32xlarge,Redhat7Base,0.11,0.108
m7a.32xlarge,Redhat7Oracle,0.12,0.118
m7a.32xlarge,Win2019Base,0.13,0.128
m7a.32xlarge,Win2019Sql,0.14,0.138
m7a.32xlarge,Win2016Base,0.15,0.148
m7a.32xlarge,Win2016Sql,0.16,0.158
m7a.32xlarge,Win2012Rehost,0.17,0.168
m7a.48xlarge,Redhat9Base,0.05,0.048
m7a.48xlarge,Redhat9BaseDB2,0.06,0.058
m7a.48xlarge,Redhat9Oracle,0.07,0.068
m7a.48xlarge,Redhat8Base,0.08,0.078
m7a.48xlarge,Redhat8BaseDB2,0.09,0.088
m7a.48xlarge,Redhat8Oracle,0.1,0.098
m7a.48xlarge,Redhat7Base,0.11,0.108
m7a.48xlarge,Redhat7Oracle,0.12,0.118
m7a.48xlarge,Win2019Base,0.13,0.128
m7a.48xlarge,Win2019Sql,0.14,0.138
m7a.48xlarge,Win2016Base,0.15,0.148
m7a.48xlarge,Win2016Sql,0.16,0.158
m7a.48xlarge,Win2012Rehost,0.17,0.168
m7a.metal-48xl,Redhat9Base,0.05,0.048
m7a.metal-48xl,Redhat9BaseDB2,0.06,0.058
m7a.metal-48xl,Redhat9Oracle,0.07,0.068
m7a.metal-48xl,Redhat8Base,0.08,0.078
m7a.metal-48xl,Redhat8BaseDB2,0.09,0.088
m7a.metal-48xl,Redhat8Oracle,0.1,0.098
m7a.metal-48xl,Redhat7Base,0.11,0.108
m7a.metal-48xl,Redhat7Oracle,0.12,0.118
m7a.metal-48xl,Win2019Base,0.13,0.128
m7a.metal-48xl,Win2019Sql,0.14,0.138
m7a.metal-48xl,Win2016Base,0.15,0.148
m7a.metal-48xl,Win2016Sql,0.16,0.158
m7a.metal-48xl,Win2012Rehost,0.17,0.168
c6i.large,Redhat9Base,0.05,0.048
c6i.large,Redhat9BaseDB2,0.06,0.058
c6i.large,Redhat9Oracle,0.07,0.068
c6i.large,Redhat8Base,0.08,0.078
c6i.large,Redhat8BaseDB2,0.09,0.088
c6i.large,Redhat8Oracle,0.1,0.098
c6i.large,Redhat7Base,0.11,0.108
c6i.large,Redhat7Oracle,0.12,0.118
c6i.large,Win2019Base,0.13,0.128
c6i.large,Win2019Sql,0.14,0.138
c6i.large,Win2016Base,0.15,0.148
c6i.large,Win2016Sql,0.16,0.158
c6i.large,Win2012Rehost,0.17,0.168
c6i.xlarge,Redhat9Base,0.05,0.048
c6i.xlarge,Redhat9BaseDB2,0.06,0.058
c6i.xlarge,Redhat9Oracle,0.07,0.068
c6i.xlarge,Redhat8Base,0.08,0.078
c6i.xlarge,Redhat8BaseDB2,0.09,0.088
c6i.xlarge,Redhat8Oracle,0.1,0.098
c6i.xlarge,Redhat7Base,0.11,0.108
c6i.xlarge,Redhat7Oracle,0.12,0.118
c6i.xlarge,Win2019Base,0.13,0.128
c6i.xlarge,Win2019Sql,0.14,0.138
c6i.xlarge,Win2016Base,0.15,0.148
c6i.xlarge,Win2016Sql,0.16,0.158
c6i.xlarge,Win2012Rehost,0.17,0.168
c6i.2xlarge,Redhat9Base,0.05,0.048
c6i.2xlarge,Redhat9BaseDB2,0.06,0.058
c6i.2xlarge,Redhat9Oracle,0.07,0.068
c6i.2xlarge,Redhat8Base,0.08,0.078
c6i.2xlarge,Redhat8BaseDB2,0.09,0.088
c6i.2xlarge,Redhat8Oracle,0.1,0.098
c6i.2xlarge,Redhat7Base,0.11,0.108
c6i.2xlarge,Redhat7Oracle,0.12,0.118
c6i.2xlarge,Win2019Base,0.13,0.128
c6i.2xlarge,Win2019Sql,0.14,0.138
c6i.2xlarge,Win2016Base,0.15,0.148
c6i.2xlarge,Win2016Sql,0.16,0.158
c6i.2xlarge,Win2012Rehost,0.17,0.168
c6i.4xlarge,Redhat9Base,0.05,0.048
c6i.4xlarge,Redhat9BaseDB2,0.06,0.058
c6i.4xlarge,Redhat9Oracle,0.07,0.068
c6i.4xlarge,Redhat8Base,0.08,0.078
c6i.4xlarge,Redhat8BaseDB2,0.09,0.088
c6i.4xlarge,Redhat8Oracle,0.1,0.098
c6i.4xlarge,Redhat7Base,0.11,0.108
c6i.4xlarge,Redhat7Oracle,0.12,0.118
c6i.4xlarge,Win2019Base,0.13,0.128
c6i.4xlarge,Win2019Sql,0.14,0.138
c6i.4xlarge,Win2016Base,0.15,0.148
c6i.4xlarge,Win2016Sql,0.16,0.158
c6i.4xlarge,Win2012Rehost,0.17,0.168
c6i.8xlarge,Redhat9Base,0.05,0.048
c6i.8xlarge,Redhat9BaseDB2,0.06,0.058
c6i.8xlarge,Redhat9Oracle,0.07,0.068
c6i.8xlarge,Redhat8Base,0.08,0.078
c6i.8xlarge,Redhat8BaseDB2,0.09,0.088
c6i.8xlarge,Redhat8Oracle,0.1,0.098
c6i.8xlarge,Redhat7Base,0.11,0.108
c6i.8xlarge,Redhat7Oracle,0.12,0.118
c6i.8xlarge,Win2019Base,0.13,0.128
c6i.8xlarge,Win2019Sql,0.14,0.138
c6i.8xlarge,Win2016Base,0.15,0.148
c6i.8xlarge,Win2016Sql,0.16,0.158
c6i.8xlarge,Win2012Rehost,0.17,0.168
c6i.12xlarge,Redhat9Base,0.05,0.048
c6i.12xlarge,Redhat9BaseDB2,0.06,0.058
c6i.12xlarge,Redhat9Oracle,0.07,0.068
c6i.12xlarge,Redhat8Base,0.08,0.078
c6i.12xlarge,Redhat8BaseDB2,0.09,0.088
c6i.12xlarge,Redhat8Oracle,0.1,0.098
c6i.12xlarge,Redhat7Base,0.11,0.108
c6i.12xlarge,Redhat7Oracle,0.12,0.118
c6i.12xlarge,Win2019Base,0.13,0.128
c6i.12xlarge,Win2019Sql,0.14,0.138
c6i.12xlarge,Win2016Base,0.15,0.148
c6i.12xlarge,Win2016Sql,0.16,0.158
c6i.12xlarge,Win2012Rehost,0.17,0.168
c6i.16xlarge,Redhat9Base,0.05,0.048
c6i.16xlarge,Redhat9BaseDB2,0.06,0.058
c6i.16xlarge,Redhat9Oracle,0.07,0.068
c6i.16xlarge,Redhat8Base,0.08,0.078
c6i.16xlarge,Redhat8BaseDB2,0.09,0.088
c6i.16xlarge,Redhat8Oracle,0.1,0.098
c6i.16xlarge,Redhat7Base,0.11,0.108
c6i.16xlarge,Redhat7Oracle,0.12,0.118
c6i.16xlarge,Win2019Base,0.13,0.128
c6i.16xlarge,Win2019Sql,0.14,0.138
c6i.16xlarge,Win2016Base,0.15,0.148
c6i.16xlarge,Win2016Sql,0.16,0.158
c6i.16xlarge,Win2012Rehost,0.17,0.168
c6i.24xlarge,Redhat9Base,0.05,0.048
c6i.24xlarge,Redhat9BaseDB2,0.06,0.058
c6i.24xlarge,Redhat9Oracle,0.07,0.068
c6i.24xlarge,Redhat8Base,0.08,0.078
c6i.24xlarge,Redhat8BaseDB2,0.09,0.088
c6i.24xlarge,Redhat8Oracle,0.1,0.098
c6i.24xlarge,Redhat7Base,0.11,0.108
c6i.24xlarge,Redhat7Oracle,0.12,0.118
c6i.24xlarge,Win2019Base,0.13,0.128
c6i.24xlarge,Win2019Sql,0.14,0.138
c6i.24xlarge,Win2016Base,0.15,0.148
c6i.24xlarge,Win2016Sql,0.16,0.158
c6i.24xlarge,Win2012Rehost,0.17,0.168
c6i.32xlarge,Redhat9Base,0.05,0.048
c6i.32xlarge,Redhat9BaseDB2,0.06,0.058
c6i.32xlarge,Redhat9Oracle,0.07,0.068
c6i.32xlarge,Redhat8Base,0.08,0.078
c6i.32xlarge,Redhat8BaseDB2,0.09,0.088
c6i.32xlarge,Redhat8Oracle,0.1,0.098
c6i.32xlarge,Redhat7Base,0.11,0.108
c6i.32xlarge,Redhat7Oracle,0.12,0.118
c6i.32xlarge,Win2019Base,0.13,0.128
c6i.32xlarge,Win2019Sql,0.14,0.138
c6i.32xlarge,Win2016Base,0.15,0.148
c6i.32xlarge,Win2016Sql,0.16,0.158
c6i.32xlarge,Win2012Rehost,0.17,0.168
c6i.metal,Redhat9Base,0.05,0.048
c6i.metal,Redhat9BaseDB2,0.06,0.058
c6i.metal,Redhat9Oracle,0.07,0.068
c6i.metal,Redhat8Base,0.08,0.078
c6i.metal,Redhat8BaseDB2,0.09,0.088
c6i.metal,Redhat8Oracle,0.1,0.098
c6i.metal,Redhat7Base,0.11,0.108
c6i.metal,Redhat7Oracle,0.12,0.118
c6i.metal,Win2019Base,0.13,0.128
c6i.metal,Win2019Sql,0.14,0.138
c6i.metal,Win2016Base,0.15,0.148
c6i.metal,Win2016Sql,0.16,0.158
c6i.metal,Win2012Rehost,0.17,0.168
c6id.large,Redhat9Base,0.05,0.048
c6id.large,Redhat9BaseDB2,0.06,0.058
c6id.large,Redhat9Oracle,0.07,0.068
c6id.large,Redhat8Base,0.08,0.078
c6id.large,Redhat8BaseDB2,0.09,0.088
c6id.large,Redhat8Oracle,0.1,0.098
c6id.large,Redhat7Base,0.11,0.108
c6id.large,Redhat7Oracle,0.12,0.118
c6id.large,Win2019Base,0.13,0.128
c6id.large,Win2019Sql,0.14,0.138
c6id.large,Win2016Base,0.15,0.148
c6id.large,Win2016Sql,0.16,0.158
c6id.large,Win2012Rehost,0.17,0.168
c6id.xlarge,Redhat9Base,0.05,0.048
c6id.xlarge,Redhat9BaseDB2,0.06,0.058
c6id.xlarge,Redhat9Oracle,0.07,0.068
c6id.xlarge,Redhat8Base,0.08,0.078
c6id.xlarge,Redhat8BaseDB2,0.09,0.088
c6id.xlarge,Redhat8Oracle,0.1,0.098
c6id.xlarge,Redhat7Base,0.11,0.108
c6id.xlarge,Redhat7Oracle,0.12,0.118
c6id.xlarge,Win2019Base,0.13,0.128
c6id.xlarge,Win2019Sql,0.14,0.138
c6id.xlarge,Win2016Base,0.15,0.148
c6id.xlarge,Win2016Sql,0.16,0.158
c6id.xlarge,Win2012Rehost,0.17,0.168
c6id.2xlarge,Redhat9Base,0.05,0.048
c6id.2xlarge,Redhat9BaseDB2,0.06,0.058
c6id.2xlarge,Redhat9Oracle,0.07,0.068
c6id.2xlarge,Redhat8Base,0.08,0.078
c6id.2xlarge,Redhat8BaseDB2,0.09,0.088
c6id.2xlarge,Redhat8Oracle,0.1,0.098
c6id.2xlarge,Redhat7Base,0.11,0.108
c6id.2xlarge,Redhat7Oracle,0.12,0.118
c6id.2xlarge,Win2019Base,0.13,0.128
c6id.2xlarge,Win2019Sql,0.14,0.138
c6id.2xlarge,Win2016Base,0.15,0.148
c6id.2xlarge,Win2016Sql,0.16,0.158
c6id.2xlarge,Win2012Rehost,0.17,0.168
c6id.4xlarge,Redhat9Base,0.05,0.048
c6id.4xlarge,Redhat9BaseDB2,0.06,0.058
c6id.4xlarge,Redhat9Oracle,0.07,0.068
c6id.4xlarge,Redhat8Base,0.08,0.078
c6id.4xlarge,Redhat8BaseDB2,0.09,0.088
c6id.4xlarge,Redhat8Oracle,0.1,0.098
c6id.4xlarge,Redhat7Base,0.11,0.108
c6id.4xlarge,Redhat7Oracle,0.12,0.118
c6id.4xlarge,Win2019Base,0.13,0.128
c6id.4xlarge,Win2019Sql,0.14,0.138
c6id.4xlarge,Win2016Base,0.15,0.148
c6id.4xlarge,Win2016Sql,0.16,0.158
c6id.4xlarge,Win2012Rehost,0.17,0.168
c6id.8xlarge,Redhat9Base,0.05,0.048
c6id.8xlarge,Redhat9BaseDB2,0.06,0.058
c6id.8xlarge,Redhat9Oracle,0.07,0.068
c6id.8xlarge,Redhat8Base,0.08,0.078
c6id.8xlarge,Redhat8BaseDB2,0.09,0.088
c6id.8xlarge,Redhat8Oracle,0.1,0.098
c6id.8xlarge,Redhat7Base,0.11,0.108
c6id.8xlarge,Redhat7Oracle,0.12,0.118
c6id.8xlarge,Win2019Base,0.13,0.128
c6id.8xlarge,Win2019Sql,0.14,0.138
c6id.8xlarge,Win2016Base,0.15,0.148
c6id.8xlarge,Win2016Sql,0.16,0.158
c6id.8xlarge,Win2012Rehost,0.17,0.168
c6id.12xlarge,Redhat9Base,0.05,0.048
c6id.12xlarge,Redhat9BaseDB2,0.06,0.058
c6id.12xlarge,Redhat9Oracle,0.07,0.068
c6id.12xlarge,Redhat8Base,0.08,0.078
c6id.12xlarge,Redhat8BaseDB2,0.09,0.088
c6id.12xlarge,Redhat8Oracle,0.1,0.098
c6id.12xlarge,Redhat7Base,0.11,0.108
c6id.12xlarge,Redhat7Oracle,0.12,0.118
c6id.12xlarge,Win2019Base,0.13,0.128
c6id.12xlarge,Win2019Sql,0.14,0.138
c6id.12xlarge,Win2016Base,0.15,0.148
c6id.12xlarge,Win2016Sql,0.16,0.158
c6id.12xlarge,Win2012Rehost,0.17,0.168
c6id.16xlarge,Redhat9Base,0.05,0.048
c6id.16xlarge,Redhat9BaseDB2,0.06,0.058
c6id.16xlarge,Redhat9Oracle,0.07,0.068
c6id.16xlarge,Redhat8Base,0.08,0.078
c6id.16xlarge,Redhat8BaseDB2,0.09,0.088
c6id.16xlarge,Redhat8Oracle,0.1,0.098
c6id.16xlarge,Redhat7Base,0.11,0.108
c6id.16xlarge,Redhat7Oracle,0.12,0.118
c6id.16xlarge,Win2019Base,0.13,0.128
c6id.16xlarge,Win2019Sql,0.14,0.138
c6id.16xlarge,Win2016Base,0.15,0.148
c6id.16xlarge,Win2016Sql,0.16,0.158
c6id.16xlarge,Win2012Rehost,0.17,0.168
c6id.24xlarge,Redhat9Base,0.05,0.048
c6id.24xlarge,Redhat9BaseDB2,0.06,0.058
c6id.24xlarge,Redhat9Oracle,0.07,0.068
c6id.24xlarge,Redhat8Base,0.08,0.078
c6id.24xlarge,Redhat8BaseDB2,0.09,0.088
c6id.24xlarge,Redhat8Oracle,0.1,0.098
c6id.24xlarge,Redhat7Base,0.11,0.108
c6id.24xlarge,Redhat7Oracle,0.12,0.118
c6id.24xlarge,Win2019Base,0.13,0.128
c6id.24xlarge,Win2019Sql,0.14,0.138
c6id.24xlarge,Win2016Base,0.15,0.148
c6id.24xlarge,Win2016Sql,0.16,0.158
c6id.24xlarge,Win2012Rehost,0.17,0.168
c6id.32xlarge,Redhat9Base,0.05,0.048
c6id.32xlarge,Redhat9BaseDB2,0.06,0.058
c6id.32xlarge,Redhat9Oracle,0.07,0.068
c6id.32xlarge,Redhat8Base,0.08,0.078
c6id.32xlarge,Redhat8BaseDB2,0.09,0.088
c6id.32xlarge,Redhat8Oracle,0.1,0.098
c6id.32xlarge,Redhat7Base,0.11,0.108
c6id.32xlarge,Redhat7Oracle,0.12,0.118
c6id.32xlarge,Win2019Base,0.13,0.128
c6id.32xlarge,Win2019Sql,0.14,0.138
c6id.32xlarge,Win2016Base,0.15,0.148
c6id.32xlarge,Win2016Sql,0.16,0.158
c6id.32xlarge,Win2012Rehost,0.17,0.168
c6id.metal,Redhat9Base,0.05,0.048
c6id.metal,Redhat9BaseDB2,0.06,0.058
c6id.metal,Redhat9Oracle,0.07,0.068
c6id.metal,Redhat8Base,0.08,0.078
c6id.metal,Redhat8BaseDB2,0.09,0.088
c6id.metal,Redhat8Oracle,0.1,0.098
c6id.metal,Redhat7Base,0.11,0.108
c6id.metal,Redhat7Oracle,0.12,0.118
c6id.metal,Win2019Base,0.13,0.128
c6id.metal,Win2019Sql,0.14,0.138
c6id.metal,Win2016Base,0.15,0.148
c6id.metal,Win2016Sql,0.16,0.158
c6id.metal,Win2012Rehost,0.17,0.168
